,SEASON_ID,TEAM_ABBREVIATION,OPPONENT_TEAM_ABBREVIATION,GAME_DAY,GAME_TIME
0,22021,MIL,NOP,2022-01-01,23:30
1,22021,NOP,MIL,2022-01-01,23:30
2,22021,DET,SAS,2022-01-02,00:00
3,22021,SAS,DET,2022-01-02,00:00
4,22021,WAS,CHI,2022-01-02,00:00
5,22021,CHI,WAS,2022-01-02,00:00
6,22021,BKN,LAC,2022-01-02,00:30
7,22021,LAC,BKN,2022-01-02,00:30
8,22021,HOU,DEN,2022-01-02,01:00
9,22021,DEN,HOU,2022-01-02,01:00
10,22021,UTA,GSW,2022-01-02,02:00
11,22021,GSW,UTA,2022-01-02,02:00
12,22021,TOR,NYK,2022-01-02,20:30
13,22021,NYK,TOR,2022-01-02,20:30
14,22021,BOS,ORL,2022-01-02,23:00
15,22021,ORL,BOS,2022-01-02,23:00
16,22021,CLE,IND,2022-01-02,23:00
17,22021,IND,CLE,2022-01-02,23:00
18,22021,SAC,MIA,2022-01-02,23:00
19,22021,MIA,SAC,2022-01-02,23:00
20,22021,CHA,PHX,2022-01-03,00:00
21,22021,PHX,CHA,2022-01-03,00:00
22,22021,OKC,DAL,2022-01-03,00:00
23,22021,DAL,OKC,2022-01-03,00:00
24,22021,LAL,MIN,2022-01-03,02:30
25,22021,MIN,LAL,2022-01-03,02:30
26,22021,PHI,HOU,2022-01-04,00:00
27,22021,HOU,PHI,2022-01-04,00:00
28,22021,WAS,CHA,2022-01-04,00:00
29,22021,CHA,WAS,2022-01-04,00:00
30,22021,BKN,MEM,2022-01-04,00:30
31,22021,MEM,BKN,2022-01-04,00:30
32,22021,CHI,ORL,2022-01-04,01:00
33,22021,ORL,CHI,2022-01-04,01:00
34,22021,MIL,DET,2022-01-04,01:00
35,22021,DET,MIL,2022-01-04,01:00
36,22021,NOP,UTA,2022-01-04,01:00
37,22021,UTA,NOP,2022-01-04,01:00
38,22021,DAL,DEN,2022-01-04,01:30
39,22021,DEN,DAL,2022-01-04,01:30
40,22021,GSW,MIA,2022-01-04,03:00
41,22021,MIA,GSW,2022-01-04,03:00
42,22021,POR,ATL,2022-01-04,03:00
43,22021,ATL,POR,2022-01-04,03:00
44,22021,LAC,MIN,2022-01-04,03:30
45,22021,MIN,LAC,2022-01-04,03:30
46,22021,CLE,MEM,2022-01-05,00:00
47,22021,MEM,CLE,2022-01-05,00:00
48,22021,TOR,SAS,2022-01-05,00:00
49,22021,SAS,TOR,2022-01-05,00:00
50,22021,NYK,IND,2022-01-05,00:30
51,22021,IND,NYK,2022-01-05,00:30
52,22021,NOP,PHX,2022-01-05,01:00
53,22021,PHX,NOP,2022-01-05,01:00
54,22021,LAL,SAC,2022-01-05,03:30
55,22021,SAC,LAL,2022-01-05,03:30
56,22021,CHA,DET,2022-01-06,00:00
57,22021,DET,CHA,2022-01-06,00:00
58,22021,ORL,PHI,2022-01-06,00:00
59,22021,PHI,ORL,2022-01-06,00:00
60,22021,WAS,HOU,2022-01-06,00:00
61,22021,HOU,WAS,2022-01-06,00:00
62,22021,BOS,SAS,2022-01-06,00:30
63,22021,SAS,BOS,2022-01-06,00:30
64,22021,IND,BKN,2022-01-06,00:30
65,22021,BKN,IND,2022-01-06,00:30
66,22021,DAL,GSW,2022-01-06,00:30
67,22021,GSW,DAL,2022-01-06,00:30
68,22021,MIL,TOR,2022-01-06,01:00
69,22021,TOR,MIL,2022-01-06,01:00
70,22021,MIN,OKC,2022-01-06,01:00
71,22021,OKC,MIN,2022-01-06,01:00
72,22021,DEN,UTA,2022-01-06,03:00
73,22021,UTA,DEN,2022-01-06,03:00
74,22021,POR,MIA,2022-01-06,03:00
75,22021,MIA,POR,2022-01-06,03:00
76,22021,SAC,ATL,2022-01-06,03:00
77,22021,ATL,SAC,2022-01-06,03:00
78,22021,NYK,BOS,2022-01-07,00:30
79,22021,BOS,NYK,2022-01-07,00:30
80,22021,MEM,DET,2022-01-07,01:00
81,22021,DET,MEM,2022-01-07,01:00
82,22021,NOP,GSW,2022-01-07,01:00
83,22021,GSW,NOP,2022-01-07,01:00
84,22021,PHX,LAC,2022-01-07,03:00
85,22021,LAC,PHX,2022-01-07,03:00
86,22021,PHI,SAS,2022-01-08,00:00
87,22021,SAS,PHI,2022-01-08,00:00
88,22021,BKN,MIL,2022-01-08,00:30
89,22021,MIL,BKN,2022-01-08,00:30
90,22021,TOR,UTA,2022-01-08,00:30
91,22021,UTA,TOR,2022-01-08,00:30
92,22021,CHI,WAS,2022-01-08,01:00
93,22021,WAS,CHI,2022-01-08,01:00
94,22021,HOU,DAL,2022-01-08,01:00
95,22021,DAL,HOU,2022-01-08,01:00
96,22021,OKC,MIN,2022-01-08,01:00
97,22021,MIN,OKC,2022-01-08,01:00
98,22021,DEN,SAC,2022-01-08,02:00
99,22021,SAC,DEN,2022-01-08,02:00
100,22021,LAL,ATL,2022-01-08,03:00
101,22021,ATL,LAL,2022-01-08,03:00
102,22021,POR,CLE,2022-01-08,03:00
103,22021,CLE,POR,2022-01-08,03:00
104,22021,LAC,MEM,2022-01-08,20:30
105,22021,MEM,LAC,2022-01-08,20:30
106,22021,CHA,MIL,2022-01-09,00:00
107,22021,MIL,CHA,2022-01-09,00:00
108,22021,DET,ORL,2022-01-09,00:00
109,22021,ORL,DET,2022-01-09,00:00
110,22021,IND,UTA,2022-01-09,00:00
111,22021,UTA,IND,2022-01-09,00:00
112,22021,BOS,NYK,2022-01-09,00:30
113,22021,NYK,BOS,2022-01-09,00:30
114,22021,PHX,MIA,2022-01-09,02:00
115,22021,MIA,PHX,2022-01-09,02:00
116,22021,BKN,SAS,2022-01-09,17:00
117,22021,SAS,BKN,2022-01-09,17:00
118,22021,LAC,ATL,2022-01-09,20:30
119,22021,ATL,LAC,2022-01-09,20:30
120,22021,ORL,WAS,2022-01-09,23:00
121,22021,WAS,ORL,2022-01-09,23:00
122,22021,TOR,NOP,2022-01-09,23:00
123,22021,NOP,TOR,2022-01-09,23:00
124,22021,HOU,MIN,2022-01-10,00:00
125,22021,MIN,HOU,2022-01-10,00:00
126,22021,OKC,DEN,2022-01-10,00:00
127,22021,DEN,OKC,2022-01-10,00:00
128,22021,DAL,CHI,2022-01-10,00:30
129,22021,CHI,DAL,2022-01-10,00:30
130,22021,GSW,CLE,2022-01-10,01:30
131,22021,CLE,GSW,2022-01-10,01:30
132,22021,POR,SAC,2022-01-10,02:00
133,22021,SAC,POR,2022-01-10,02:00
134,22021,LAL,MEM,2022-01-10,02:30
135,22021,MEM,LAL,2022-01-10,02:30
136,22021,CHA,MIL,2022-01-11,00:00
137,22021,MIL,CHA,2022-01-11,00:00
138,22021,DET,UTA,2022-01-11,00:00
139,22021,UTA,DET,2022-01-11,00:00
140,22021,BOS,IND,2022-01-11,00:30
141,22021,IND,BOS,2022-01-11,00:30
142,22021,NYK,SAS,2022-01-11,00:30
143,22021,SAS,NYK,2022-01-11,00:30
144,22021,HOU,PHI,2022-01-11,01:00
145,22021,PHI,HOU,2022-01-11,01:00
146,22021,POR,BKN,2022-01-11,03:00
147,22021,BKN,POR,2022-01-11,03:00
148,22021,SAC,CLE,2022-01-11,03:00
149,22021,CLE,SAC,2022-01-11,03:00
150,22021,WAS,OKC,2022-01-12,00:00
151,22021,OKC,WAS,2022-01-12,00:00
152,22021,TOR,PHX,2022-01-12,00:30
153,22021,PHX,TOR,2022-01-12,00:30
154,22021,CHI,DET,2022-01-12,01:00
155,22021,DET,CHI,2022-01-12,01:00
156,22021,MEM,GSW,2022-01-12,01:00
157,22021,GSW,MEM,2022-01-12,01:00
158,22021,NOP,MIN,2022-01-12,01:00
159,22021,MIN,NOP,2022-01-12,01:00
160,22021,LAC,DEN,2022-01-12,03:30
161,22021,DEN,LAC,2022-01-12,03:30
162,22021,IND,BOS,2022-01-13,00:00
163,22021,BOS,IND,2022-01-13,00:00
164,22021,PHI,CHA,2022-01-13,00:00
165,22021,CHA,PHI,2022-01-13,00:00
166,22021,WAS,ORL,2022-01-13,00:00
167,22021,ORL,WAS,2022-01-13,00:00
168,22021,ATL,MIA,2022-01-13,00:30
169,22021,MIA,ATL,2022-01-13,00:30
170,22021,NYK,DAL,2022-01-13,00:30
171,22021,DAL,NYK,2022-01-13,00:30
172,22021,SAS,HOU,2022-01-13,01:30
173,22021,HOU,SAS,2022-01-13,01:30
174,22021,UTA,CLE,2022-01-13,02:00
175,22021,CLE,UTA,2022-01-13,02:00
176,22021,CHI,BKN,2022-01-13,03:00
177,22021,BKN,CHI,2022-01-13,03:00
178,22021,SAC,LAL,2022-01-13,03:00
179,22021,LAL,SAC,2022-01-13,03:00
180,22021,MIL,GSW,2022-01-14,00:30
181,22021,GSW,MIL,2022-01-14,00:30
182,22021,MEM,MIN,2022-01-14,01:00
183,22021,MIN,MEM,2022-01-14,01:00
184,22021,NOP,LAC,2022-01-14,01:00
185,22021,LAC,NOP,2022-01-14,01:00
186,22021,BKN,OKC,2022-01-14,01:30
187,22021,OKC,BKN,2022-01-14,01:30
188,22021,DEN,POR,2022-01-14,03:00
189,22021,POR,DEN,2022-01-14,03:00
190,22021,CHA,ORL,2022-01-15,00:00
191,22021,ORL,CHA,2022-01-15,00:00
192,22021,DET,TOR,2022-01-15,00:00
193,22021,TOR,DET,2022-01-15,00:00
194,22021,IND,PHX,2022-01-15,00:00
195,22021,PHX,IND,2022-01-15,00:00
196,22021,PHI,BOS,2022-01-15,00:00
197,22021,BOS,PHI,2022-01-15,00:00
198,22021,CHI,GSW,2022-01-15,00:30
199,22021,GSW,CHI,2022-01-15,00:30
200,22021,MIA,ATL,2022-01-15,01:00
201,22021,ATL,MIA,2022-01-15,01:00
202,22021,SAS,CLE,2022-01-15,01:30
203,22021,CLE,SAS,2022-01-15,01:30
204,22021,MEM,DAL,2022-01-15,03:00
205,22021,DAL,MEM,2022-01-15,03:00
206,22021,SAC,HOU,2022-01-15,03:00
207,22021,HOU,SAC,2022-01-15,03:00
208,22021,MIL,TOR,2022-01-15,23:30
209,22021,TOR,MIL,2022-01-15,23:30
210,22021,WAS,POR,2022-01-16,00:00
211,22021,POR,WAS,2022-01-16,00:00
212,22021,ATL,NYK,2022-01-16,00:30
213,22021,NYK,ATL,2022-01-16,00:30
214,22021,BKN,NOP,2022-01-16,00:30
215,22021,NOP,BKN,2022-01-16,00:30
216,22021,MIA,PHI,2022-01-16,01:00
217,22021,PHI,MIA,2022-01-16,01:00
218,22021,OKC,CLE,2022-01-16,01:00
219,22021,CLE,OKC,2022-01-16,01:00
220,22021,BOS,CHI,2022-01-16,01:30
221,22021,CHI,BOS,2022-01-16,01:30
222,22021,SAS,LAC,2022-01-16,01:30
223,22021,LAC,SAS,2022-01-16,01:30
224,22021,DEN,LAL,2022-01-16,02:00
225,22021,LAL,DEN,2022-01-16,02:00
226,22021,DAL,ORL,2022-01-16,02:30
227,22021,ORL,DAL,2022-01-16,02:30
228,22021,DET,PHX,2022-01-16,18:00
229,22021,PHX,DET,2022-01-16,18:00
230,22021,SAC,HOU,2022-01-16,23:00
231,22021,HOU,SAC,2022-01-16,23:00
232,22021,MIN,GSW,2022-01-17,01:00
233,22021,GSW,MIN,2022-01-17,01:00
234,22021,DEN,UTA,2022-01-17,01:00
235,22021,UTA,DEN,2022-01-17,01:00
236,22021,BOS,NOP,2022-01-17,17:30
237,22021,NOP,BOS,2022-01-17,17:30
238,22021,NYK,CHA,2022-01-17,18:00
239,22021,CHA,NYK,2022-01-17,18:00
240,22021,WAS,PHI,2022-01-17,19:00
241,22021,PHI,WAS,2022-01-17,19:00
242,22021,CLE,BKN,2022-01-17,20:00
243,22021,BKN,CLE,2022-01-17,20:00
244,22021,MEM,CHI,2022-01-17,20:30
245,22021,CHI,MEM,2022-01-17,20:30
246,22021,LAC,IND,2022-01-17,20:30
247,22021,IND,LAC,2022-01-17,20:30
248,22021,ATL,MIL,2022-01-17,23:00
249,22021,MIL,ATL,2022-01-17,23:00
250,22021,ORL,POR,2022-01-18,00:00
251,22021,POR,ORL,2022-01-18,00:00
252,22021,MIA,TOR,2022-01-18,00:30
253,22021,TOR,MIA,2022-01-18,00:30
254,22021,DAL,OKC,2022-01-18,01:30
255,22021,OKC,DAL,2022-01-18,01:30
256,22021,SAS,PHX,2022-01-18,01:30
257,22021,PHX,SAS,2022-01-18,01:30
258,22021,LAL,UTA,2022-01-18,03:30
259,22021,UTA,LAL,2022-01-18,03:30
260,22021,NYK,MIN,2022-01-19,00:30
261,22021,MIN,NYK,2022-01-19,00:30
262,22021,GSW,DET,2022-01-19,03:00
263,22021,DET,GSW,2022-01-19,03:00
264,22021,PHI,ORL,2022-01-20,00:00
265,22021,ORL,PHI,2022-01-20,00:00
266,22021,WAS,BKN,2022-01-20,00:00
267,22021,BKN,WAS,2022-01-20,00:00
268,22021,ATL,MIN,2022-01-20,00:30
269,22021,MIN,ATL,2022-01-20,00:30
270,22021,BOS,CHA,2022-01-20,00:30
271,22021,CHA,BOS,2022-01-20,00:30
272,22021,MIA,POR,2022-01-20,00:30
273,22021,POR,MIA,2022-01-20,00:30
274,22021,CHI,CLE,2022-01-20,01:00
275,22021,CLE,CHI,2022-01-20,01:00
276,22021,MIL,MEM,2022-01-20,01:00
277,22021,MEM,MIL,2022-01-20,01:00
278,22021,DAL,TOR,2022-01-20,01:30
279,22021,TOR,DAL,2022-01-20,01:30
280,22021,SAS,OKC,2022-01-20,01:30
281,22021,OKC,SAS,2022-01-20,01:30
282,22021,UTA,HOU,2022-01-20,02:00
283,22021,HOU,UTA,2022-01-20,02:00
284,22021,DEN,LAC,2022-01-20,03:00
285,22021,LAC,DEN,2022-01-20,03:00
286,22021,SAC,DET,2022-01-20,03:00
287,22021,DET,SAC,2022-01-20,03:00
288,22021,LAL,IND,2022-01-20,03:30
289,22021,IND,LAL,2022-01-20,03:30
290,22021,NYK,NOP,2022-01-21,00:30
291,22021,NOP,NYK,2022-01-21,00:30
292,22021,DAL,PHX,2022-01-21,00:30
293,22021,PHX,DAL,2022-01-21,00:30
294,22021,GSW,IND,2022-01-21,03:00
295,22021,IND,GSW,2022-01-21,03:00
296,22021,CHA,OKC,2022-01-22,00:00
297,22021,OKC,CHA,2022-01-22,00:00
298,22021,ORL,LAL,2022-01-22,00:00
299,22021,LAL,ORL,2022-01-22,00:00
300,22021,PHI,LAC,2022-01-22,00:00
301,22021,LAC,PHI,2022-01-22,00:00
302,22021,ATL,MIA,2022-01-22,00:30
303,22021,MIA,ATL,2022-01-22,00:30
304,22021,BOS,POR,2022-01-22,00:30
305,22021,POR,BOS,2022-01-22,00:30
306,22021,WAS,TOR,2022-01-22,01:00
307,22021,TOR,WAS,2022-01-22,01:00
308,22021,MIL,CHI,2022-01-22,01:00
309,22021,CHI,MIL,2022-01-22,01:00
310,22021,SAS,BKN,2022-01-22,01:30
311,22021,BKN,SAS,2022-01-22,01:30
312,22021,DEN,MEM,2022-01-22,02:00
313,22021,MEM,DEN,2022-01-22,02:00
314,22021,UTA,DET,2022-01-22,02:00
315,22021,DET,UTA,2022-01-22,02:00
316,22021,GSW,HOU,2022-01-22,03:00
317,22021,HOU,GSW,2022-01-22,03:00
318,22021,MIL,SAC,2022-01-23,00:00
319,22021,SAC,MIL,2022-01-23,00:00
320,22021,CLE,OKC,2022-01-23,01:00
321,22021,OKC,CLE,2022-01-23,01:00
322,22021,PHX,IND,2022-01-23,02:00
323,22021,IND,PHX,2022-01-23,02:00
324,22021,NYK,LAC,2022-01-23,18:00
325,22021,LAC,NYK,2022-01-23,18:00
326,22021,WAS,BOS,2022-01-23,20:30
327,22021,BOS,WAS,2022-01-23,20:30
328,22021,MIA,LAL,2022-01-23,23:00
329,22021,LAL,MIA,2022-01-23,23:00
330,22021,ORL,CHI,2022-01-23,23:00
331,22021,CHI,ORL,2022-01-23,23:00
332,22021,TOR,POR,2022-01-23,23:00
333,22021,POR,TOR,2022-01-23,23:00
334,22021,CHA,ATL,2022-01-24,00:00
335,22021,ATL,CHA,2022-01-24,00:00
336,22021,SAS,PHI,2022-01-24,00:00
337,22021,PHI,SAS,2022-01-24,00:00
338,22021,DAL,MEM,2022-01-24,00:30
339,22021,MEM,DAL,2022-01-24,00:30
340,22021,MIN,BKN,2022-01-24,01:00
341,22021,BKN,MIN,2022-01-24,01:00
342,22021,DEN,DET,2022-01-24,01:00
343,22021,DET,DEN,2022-01-24,01:00
344,22021,GSW,UTA,2022-01-24,01:30
345,22021,UTA,GSW,2022-01-24,01:30
346,22021,CLE,NYK,2022-01-25,00:00
347,22021,NYK,CLE,2022-01-25,00:00
348,22021,NOP,IND,2022-01-25,01:00
349,22021,IND,NOP,2022-01-25,01:00
350,22021,OKC,CHI,2022-01-25,01:00
351,22021,CHI,OKC,2022-01-25,01:00
352,22021,PHX,UTA,2022-01-25,02:00
353,22021,UTA,PHX,2022-01-25,02:00
354,22021,PHI,NOP,2022-01-26,00:00
355,22021,NOP,PHI,2022-01-26,00:00
356,22021,DET,DEN,2022-01-26,00:00
357,22021,DEN,DET,2022-01-26,00:00
358,22021,TOR,CHA,2022-01-26,00:00
359,22021,CHA,TOR,2022-01-26,00:00
360,22021,WAS,LAC,2022-01-26,00:00
361,22021,LAC,WAS,2022-01-26,00:00
362,22021,BOS,SAC,2022-01-26,00:30
363,22021,SAC,BOS,2022-01-26,00:30
364,22021,BKN,LAL,2022-01-26,00:30
365,22021,LAL,BKN,2022-01-26,00:30
366,22021,HOU,SAS,2022-01-26,01:00
367,22021,SAS,HOU,2022-01-26,01:00
368,22021,GSW,DAL,2022-01-26,03:00
369,22021,DAL,GSW,2022-01-26,03:00
370,22021,POR,MIN,2022-01-26,03:00
371,22021,MIN,POR,2022-01-26,03:00
372,22021,CLE,MIL,2022-01-27,00:00
373,22021,MIL,CLE,2022-01-27,00:00
374,22021,IND,CHA,2022-01-27,00:00
375,22021,CHA,IND,2022-01-27,00:00
376,22021,ORL,LAC,2022-01-27,00:00
377,22021,LAC,ORL,2022-01-27,00:00
378,22021,ATL,SAC,2022-01-27,00:30
379,22021,SAC,ATL,2022-01-27,00:30
380,22021,MIA,NYK,2022-01-27,00:30
381,22021,NYK,MIA,2022-01-27,00:30
382,22021,BKN,DEN,2022-01-27,01:00
383,22021,DEN,BKN,2022-01-27,01:00
384,22021,CHI,TOR,2022-01-27,01:00
385,22021,TOR,CHI,2022-01-27,01:00
386,22021,SAS,MEM,2022-01-27,01:30
387,22021,MEM,SAS,2022-01-27,01:30
388,22021,UTA,PHX,2022-01-27,03:00
389,22021,PHX,UTA,2022-01-27,03:00
390,22021,POR,DAL,2022-01-27,03:00
391,22021,DAL,POR,2022-01-27,03:00
392,22021,PHI,LAL,2022-01-28,00:30
393,22021,LAL,PHI,2022-01-28,00:30
394,22021,GSW,MIN,2022-01-28,03:00
395,22021,MIN,GSW,2022-01-28,03:00
396,22021,ORL,DET,2022-01-29,00:00
397,22021,DET,ORL,2022-01-29,00:00
398,22021,CHA,LAL,2022-01-29,00:30
399,22021,LAL,CHA,2022-01-29,00:30
400,22021,ATL,BOS,2022-01-29,00:30
401,22021,BOS,ATL,2022-01-29,00:30
402,22021,NOP,DEN,2022-01-29,01:00
403,22021,DEN,NOP,2022-01-29,01:00
404,22021,MIA,LAC,2022-01-29,01:00
405,22021,LAC,MIA,2022-01-29,01:00
406,22021,HOU,POR,2022-01-29,01:00
407,22021,POR,HOU,2022-01-29,01:00
408,22021,MEM,UTA,2022-01-29,01:00
409,22021,UTA,MEM,2022-01-29,01:00
410,22021,OKC,IND,2022-01-29,01:00
411,22021,IND,OKC,2022-01-29,01:00
412,22021,SAS,CHI,2022-01-29,01:30
413,22021,CHI,SAS,2022-01-29,01:30
414,22021,PHX,MIN,2022-01-29,02:00
415,22021,MIN,PHX,2022-01-29,02:00
416,22021,MIL,NYK,2022-01-29,03:00
417,22021,NYK,MIL,2022-01-29,03:00
418,22021,NOP,BOS,2022-01-30,00:00
419,22021,BOS,NOP,2022-01-30,00:00
420,22021,DAL,IND,2022-01-30,00:00
421,22021,IND,DAL,2022-01-30,00:00
422,22021,PHI,SAC,2022-01-30,00:30
423,22021,SAC,PHI,2022-01-30,00:30
424,22021,MIA,TOR,2022-01-30,01:00
425,22021,TOR,MIA,2022-01-30,01:00
426,22021,MEM,WAS,2022-01-30,01:00
427,22021,WAS,MEM,2022-01-30,01:00
428,22021,GSW,BKN,2022-01-30,01:30
429,22021,BKN,GSW,2022-01-30,01:30
430,22021,ATL,LAL,2022-01-30,18:00
431,22021,LAL,ATL,2022-01-30,18:00
432,22021,CHA,LAC,2022-01-30,18:00
433,22021,LAC,CHA,2022-01-30,18:00
434,22021,CHI,POR,2022-01-30,20:30
435,22021,POR,CHI,2022-01-30,20:30
436,22021,DET,CLE,2022-01-30,23:00
437,22021,CLE,DET,2022-01-30,23:00
438,22021,ORL,DAL,2022-01-31,00:00
439,22021,DAL,ORL,2022-01-31,00:00
440,22021,MIL,DEN,2022-01-31,00:00
441,22021,DEN,MIL,2022-01-31,00:00
442,22021,MIN,UTA,2022-01-31,01:00
443,22021,UTA,MIN,2022-01-31,01:00
444,22021,PHX,SAS,2022-01-31,01:00
445,22021,SAS,PHX,2022-01-31,01:00
446,22021,CLE,NOP,2022-02-01,00:00
447,22021,NOP,CLE,2022-02-01,00:00
448,22021,IND,LAC,2022-02-01,00:00
449,22021,LAC,IND,2022-02-01,00:00
450,22021,PHI,MEM,2022-02-01,00:00
451,22021,MEM,PHI,2022-02-01,00:00
452,22021,BOS,MIA,2022-02-01,00:30
453,22021,MIA,BOS,2022-02-01,00:30
454,22021,NYK,SAC,2022-02-01,00:30
455,22021,SAC,NYK,2022-02-01,00:30
456,22021,ATL,TOR,2022-02-01,00:30
457,22021,TOR,ATL,2022-02-01,00:30
458,22021,HOU,GSW,2022-02-01,01:00
459,22021,GSW,HOU,2022-02-01,01:00
460,22021,OKC,POR,2022-02-01,01:00
461,22021,POR,OKC,2022-02-01,01:00
462,22021,DET,NOP,2022-02-02,00:00
463,22021,NOP,DET,2022-02-02,00:00
464,22021,MIL,WAS,2022-02-02,00:30
465,22021,WAS,MIL,2022-02-02,00:30
466,22021,TOR,MIA,2022-02-02,00:30
467,22021,MIA,TOR,2022-02-02,00:30
468,22021,CHI,ORL,2022-02-02,01:00
469,22021,ORL,CHI,2022-02-02,01:00
470,22021,MIN,DEN,2022-02-02,01:00
471,22021,DEN,MIN,2022-02-02,01:00
472,22021,SAS,GSW,2022-02-02,01:30
473,22021,GSW,SAS,2022-02-02,01:30
474,22021,PHX,BKN,2022-02-02,03:00
475,22021,BKN,PHX,2022-02-02,03:00
476,22021,IND,ORL,2022-02-03,00:00
477,22021,ORL,IND,2022-02-03,00:00
478,22021,PHI,WAS,2022-02-03,00:00
479,22021,WAS,PHI,2022-02-03,00:00
480,22021,BOS,CHA,2022-02-03,00:30
481,22021,CHA,BOS,2022-02-03,00:30
482,22021,NYK,MEM,2022-02-03,00:30
483,22021,MEM,NYK,2022-02-03,00:30
484,22021,HOU,CLE,2022-02-03,01:00
485,22021,CLE,HOU,2022-02-03,01:00
486,22021,DAL,OKC,2022-02-03,01:30
487,22021,OKC,DAL,2022-02-03,01:30
488,22021,UTA,DEN,2022-02-03,03:00
489,22021,DEN,UTA,2022-02-03,03:00
490,22021,SAC,BKN,2022-02-03,03:00
491,22021,BKN,SAC,2022-02-03,03:00
492,22021,LAL,POR,2022-02-03,03:30
493,22021,POR,LAL,2022-02-03,03:30
494,22021,SAS,MIA,2022-02-04,00:00
495,22021,MIA,SAS,2022-02-04,00:00
496,22021,DET,MIN,2022-02-04,00:00
497,22021,MIN,DET,2022-02-04,00:00
498,22021,TOR,CHI,2022-02-04,00:30
499,22021,CHI,TOR,2022-02-04,00:30
500,22021,ATL,PHX,2022-02-04,00:30
501,22021,PHX,ATL,2022-02-04,00:30
502,22021,GSW,SAC,2022-02-04,03:00
503,22021,SAC,GSW,2022-02-04,03:00
504,22021,LAC,LAL,2022-02-04,03:00
505,22021,LAL,LAC,2022-02-04,03:00
506,22021,CHA,CLE,2022-02-05,00:00
507,22021,CLE,CHA,2022-02-05,00:00
508,22021,DET,BOS,2022-02-05,00:00
509,22021,BOS,DET,2022-02-05,00:00
510,22021,IND,CHI,2022-02-05,00:00
511,22021,CHI,IND,2022-02-05,00:00
512,22021,TOR,ATL,2022-02-05,00:30
513,22021,ATL,TOR,2022-02-05,00:30
514,22021,SAS,HOU,2022-02-05,01:30
515,22021,HOU,SAS,2022-02-05,01:30
516,22021,UTA,BKN,2022-02-05,02:00
517,22021,BKN,UTA,2022-02-05,02:00
518,22021,DEN,NOP,2022-02-05,02:00
519,22021,NOP,DEN,2022-02-05,02:00
520,22021,DAL,PHI,2022-02-05,03:00
521,22021,PHI,DAL,2022-02-05,03:00
522,22021,POR,OKC,2022-02-05,03:00
523,22021,OKC,POR,2022-02-05,03:00
524,22021,ORL,MEM,2022-02-05,22:00
525,22021,MEM,ORL,2022-02-05,22:00
526,22021,CHA,MIA,2022-02-06,00:00
527,22021,MIA,CHA,2022-02-06,00:00
528,22021,WAS,PHX,2022-02-06,00:00
529,22021,PHX,WAS,2022-02-06,00:00
530,22021,LAL,NYK,2022-02-06,01:30
531,22021,NYK,LAL,2022-02-06,01:30
532,22021,POR,MIL,2022-02-06,03:00
533,22021,MIL,POR,2022-02-06,03:00
534,22021,SAC,OKC,2022-02-06,03:00
535,22021,OKC,SAC,2022-02-06,03:00
536,22021,CHI,PHI,2022-02-06,20:30
537,22021,PHI,CHI,2022-02-06,20:30
538,22021,MIN,DET,2022-02-06,20:30
539,22021,DET,MIN,2022-02-06,20:30
540,22021,DEN,BKN,2022-02-06,20:30
541,22021,BKN,DEN,2022-02-06,20:30
542,22021,CLE,IND,2022-02-06,23:00
543,22021,IND,CLE,2022-02-06,23:00
544,22021,ORL,BOS,2022-02-06,23:00
545,22021,BOS,ORL,2022-02-06,23:00
546,22021,DAL,ATL,2022-02-06,23:00
547,22021,ATL,DAL,2022-02-06,23:00
548,22021,HOU,NOP,2022-02-07,00:00
549,22021,NOP,HOU,2022-02-07,00:00
550,22021,LAC,MIL,2022-02-07,02:00
551,22021,MIL,LAC,2022-02-07,02:00
552,22021,CHA,TOR,2022-02-08,00:00
553,22021,TOR,CHA,2022-02-08,00:00
554,22021,WAS,MIA,2022-02-08,00:00
555,22021,MIA,WAS,2022-02-08,00:00
556,22021,CHI,PHX,2022-02-08,01:00
557,22021,PHX,CHI,2022-02-08,01:00
558,22021,OKC,GSW,2022-02-08,01:00
559,22021,GSW,OKC,2022-02-08,01:00
560,22021,UTA,NYK,2022-02-08,02:00
561,22021,NYK,UTA,2022-02-08,02:00
562,22021,PHI,PHX,2022-02-09,00:00
563,22021,PHX,PHI,2022-02-09,00:00
564,22021,ATL,IND,2022-02-09,00:30
565,22021,IND,ATL,2022-02-09,00:30
566,22021,BKN,BOS,2022-02-09,00:30
567,22021,BOS,BKN,2022-02-09,00:30
568,22021,MEM,LAC,2022-02-09,01:00
569,22021,LAC,MEM,2022-02-09,01:00
570,22021,NOP,HOU,2022-02-09,01:00
571,22021,HOU,NOP,2022-02-09,01:00
572,22021,DAL,DET,2022-02-09,01:30
573,22021,DET,DAL,2022-02-09,01:30
574,22021,DEN,NYK,2022-02-09,02:00
575,22021,NYK,DEN,2022-02-09,02:00
576,22021,LAL,MIL,2022-02-09,03:00
577,22021,MIL,LAL,2022-02-09,03:00
578,22021,POR,ORL,2022-02-09,03:00
579,22021,ORL,POR,2022-02-09,03:00
580,22021,SAC,MIN,2022-02-09,03:00
581,22021,MIN,SAC,2022-02-09,03:00
582,22021,CLE,SAS,2022-02-10,00:00
583,22021,SAS,CLE,2022-02-10,00:00
584,22021,CHA,CHI,2022-02-10,00:30
585,22021,CHI,CHA,2022-02-10,00:30
586,22021,OKC,TOR,2022-02-10,01:00
587,22021,TOR,OKC,2022-02-10,01:00
588,22021,UTA,GSW,2022-02-10,03:00
589,22021,GSW,UTA,2022-02-10,03:00
590,22021,POR,LAL,2022-02-10,03:00
591,22021,LAL,POR,2022-02-10,03:00
592,22021,SAC,MIN,2022-02-10,03:00
593,22021,MIN,SAC,2022-02-10,03:00
594,22021,DET,MEM,2022-02-11,00:00
595,22021,MEM,DET,2022-02-11,00:00
596,22021,WAS,BKN,2022-02-11,00:30
597,22021,BKN,WAS,2022-02-11,00:30
598,22021,NOP,MIA,2022-02-11,00:30
599,22021,MIA,NOP,2022-02-11,00:30
600,22021,HOU,TOR,2022-02-11,01:00
601,22021,TOR,HOU,2022-02-11,01:00
602,22021,DAL,LAC,2022-02-11,01:30
603,22021,LAC,DAL,2022-02-11,01:30
604,22021,PHX,MIL,2022-02-11,03:00
605,22021,MIL,PHX,2022-02-11,03:00
606,22021,GSW,NYK,2022-02-11,03:00
607,22021,NYK,GSW,2022-02-11,03:00
608,22021,DET,CHA,2022-02-12,00:00
609,22021,CHA,DET,2022-02-12,00:00
610,22021,IND,CLE,2022-02-12,00:00
611,22021,CLE,IND,2022-02-12,00:00
612,22021,PHI,OKC,2022-02-12,00:00
613,22021,OKC,PHI,2022-02-12,00:00
614,22021,ATL,SAS,2022-02-12,00:30
615,22021,SAS,ATL,2022-02-12,00:30
616,22021,BOS,DEN,2022-02-12,00:30
617,22021,DEN,BOS,2022-02-12,00:30
618,22021,CHI,MIN,2022-02-12,01:00
619,22021,MIN,CHI,2022-02-12,01:00
620,22021,UTA,ORL,2022-02-12,02:00
621,22021,ORL,UTA,2022-02-12,02:00
622,22021,POR,NYK,2022-02-12,22:00
623,22021,NYK,POR,2022-02-12,22:00
624,22021,CHA,MEM,2022-02-13,00:00
625,22021,MEM,CHA,2022-02-13,00:00
626,22021,WAS,SAC,2022-02-13,00:00
627,22021,SAC,WAS,2022-02-13,00:00
628,22021,NOP,SAS,2022-02-13,00:00
629,22021,SAS,NOP,2022-02-13,00:00
630,22021,PHI,CLE,2022-02-13,00:30
631,22021,CLE,PHI,2022-02-13,00:30
632,22021,TOR,DEN,2022-02-13,00:30
633,22021,DEN,TOR,2022-02-13,00:30
634,22021,MIA,BKN,2022-02-13,01:00
635,22021,BKN,MIA,2022-02-13,01:00
636,22021,CHI,OKC,2022-02-13,01:00
637,22021,OKC,CHI,2022-02-13,01:00
638,22021,DAL,LAC,2022-02-13,01:30
639,22021,LAC,DAL,2022-02-13,01:30
640,22021,GSW,LAL,2022-02-13,01:30
641,22021,LAL,GSW,2022-02-13,01:30
642,22021,PHX,ORL,2022-02-13,02:00
643,22021,ORL,PHX,2022-02-13,02:00
644,22021,BOS,ATL,2022-02-13,19:00
645,22021,ATL,BOS,2022-02-13,19:00
646,22021,IND,MIN,2022-02-13,20:00
647,22021,MIN,IND,2022-02-13,20:00
648,22021,WAS,DET,2022-02-15,00:00
649,22021,DET,WAS,2022-02-15,00:00
650,22021,BKN,SAC,2022-02-15,00:30
651,22021,SAC,BKN,2022-02-15,00:30
652,22021,NYK,OKC,2022-02-15,00:30
653,22021,OKC,NYK,2022-02-15,00:30
654,22021,CHI,SAS,2022-02-15,01:00
655,22021,SAS,CHI,2022-02-15,01:00
656,22021,MIL,POR,2022-02-15,01:00
657,22021,POR,MIL,2022-02-15,01:00
658,22021,NOP,TOR,2022-02-15,01:00
659,22021,TOR,NOP,2022-02-15,01:00
660,22021,DEN,ORL,2022-02-15,02:00
661,22021,ORL,DEN,2022-02-15,02:00
662,22021,UTA,HOU,2022-02-15,02:00
663,22021,HOU,UTA,2022-02-15,02:00
664,22021,LAC,GSW,2022-02-15,03:30
665,22021,GSW,LAC,2022-02-15,03:30
666,22021,ATL,CLE,2022-02-16,00:30
667,22021,CLE,ATL,2022-02-16,00:30
668,22021,MIA,DAL,2022-02-16,00:30
669,22021,DAL,MIA,2022-02-16,00:30
670,22021,PHI,BOS,2022-02-16,00:30
671,22021,BOS,PHI,2022-02-16,00:30
672,22021,MIL,IND,2022-02-16,01:00
673,22021,IND,MIL,2022-02-16,01:00
674,22021,MIN,CHA,2022-02-16,01:00
675,22021,CHA,MIN,2022-02-16,01:00
676,22021,NOP,MEM,2022-02-16,01:00
677,22021,MEM,NOP,2022-02-16,01:00
678,22021,PHX,LAC,2022-02-16,03:00
679,22021,LAC,PHX,2022-02-16,03:00
680,22021,ORL,ATL,2022-02-17,00:00
681,22021,ATL,ORL,2022-02-17,00:00
682,22021,BOS,DET,2022-02-17,00:30
683,22021,DET,BOS,2022-02-17,00:30
684,22021,IND,WAS,2022-02-17,00:30
685,22021,WAS,IND,2022-02-17,00:30
686,22021,NYK,BKN,2022-02-17,00:30
687,22021,BKN,NYK,2022-02-17,00:30
688,22021,CHI,SAC,2022-02-17,01:00
689,22021,SAC,CHI,2022-02-17,01:00
690,22021,MEM,POR,2022-02-17,01:00
691,22021,POR,MEM,2022-02-17,01:00
692,22021,MIN,TOR,2022-02-17,01:00
693,22021,TOR,MIN,2022-02-17,01:00
694,22021,OKC,SAS,2022-02-17,01:00
695,22021,SAS,OKC,2022-02-17,01:00
696,22021,PHX,HOU,2022-02-17,02:00
697,22021,HOU,PHX,2022-02-17,02:00
698,22021,GSW,DEN,2022-02-17,03:00
699,22021,DEN,GSW,2022-02-17,03:00
700,22021,LAL,UTA,2022-02-17,03:00
701,22021,UTA,LAL,2022-02-17,03:00
702,22021,CHA,MIA,2022-02-18,00:00
703,22021,MIA,CHA,2022-02-18,00:00
704,22021,BKN,WAS,2022-02-18,00:30
705,22021,WAS,BKN,2022-02-18,00:30
706,22021,NOP,DAL,2022-02-18,01:00
707,22021,DAL,NOP,2022-02-18,01:00
708,22021,MIL,PHI,2022-02-18,01:30
709,22021,PHI,MIL,2022-02-18,01:30
710,22021,LAC,HOU,2022-02-18,03:30
711,22021,HOU,LAC,2022-02-18,03:30
712,22021,IAH,WOR,2022-02-19,02:00
713,22021,WOR,IAH,2022-02-19,02:00
714,22021,BAR,PAY,2022-02-19,02:30
715,22021,PAY,BAR,2022-02-19,02:30
716,22021,IAH,BAR,2022-02-19,03:00
717,22021,BAR,IAH,2022-02-19,03:00
718,22021,LBN,DRT,2022-02-21,01:00
719,22021,DRT,LBN,2022-02-21,01:00
720,22021,DET,CLE,2022-02-25,00:00
721,22021,CLE,DET,2022-02-25,00:00
722,22021,BKN,BOS,2022-02-25,00:30
723,22021,BOS,BKN,2022-02-25,00:30
724,22021,CHI,ATL,2022-02-25,01:00
725,22021,ATL,CHI,2022-02-25,01:00
726,22021,MIN,MEM,2022-02-25,01:00
727,22021,MEM,MIN,2022-02-25,01:00
728,22021,OKC,PHX,2022-02-25,01:00
729,22021,PHX,OKC,2022-02-25,01:00
730,22021,POR,GSW,2022-02-25,03:00
731,22021,GSW,POR,2022-02-25,03:00
732,22021,SAC,DEN,2022-02-25,03:00
733,22021,DEN,SAC,2022-02-25,03:00
734,22021,CHA,TOR,2022-02-26,00:00
735,22021,TOR,CHA,2022-02-26,00:00
736,22021,IND,OKC,2022-02-26,00:00
737,22021,OKC,IND,2022-02-26,00:00
738,22021,ORL,HOU,2022-02-26,00:00
739,22021,HOU,ORL,2022-02-26,00:00
740,22021,WAS,SAS,2022-02-26,00:00
741,22021,SAS,WAS,2022-02-26,00:00
742,22021,NYK,MIA,2022-02-26,00:30
743,22021,MIA,NYK,2022-02-26,00:30
744,22021,MIN,PHI,2022-02-26,01:00
745,22021,PHI,MIN,2022-02-26,01:00
746,22021,PHX,NOP,2022-02-26,02:00
747,22021,NOP,PHX,2022-02-26,02:00
748,22021,UTA,DAL,2022-02-26,02:00
749,22021,DAL,UTA,2022-02-26,02:00
750,22021,LAL,LAC,2022-02-26,03:00
751,22021,LAC,LAL,2022-02-26,03:00
752,22021,DET,BOS,2022-02-26,17:00
753,22021,BOS,DET,2022-02-26,17:00
754,22021,ATL,TOR,2022-02-27,00:30
755,22021,TOR,ATL,2022-02-27,00:30
756,22021,CLE,WAS,2022-02-27,01:00
757,22021,WAS,CLE,2022-02-27,01:00
758,22021,MIA,SAS,2022-02-27,01:00
759,22021,SAS,MIA,2022-02-27,01:00
760,22021,CHI,MEM,2022-02-27,01:00
761,22021,MEM,CHI,2022-02-27,01:00
762,22021,MIL,BKN,2022-02-27,01:30
763,22021,BKN,MIL,2022-02-27,01:30
764,22021,DEN,SAC,2022-02-27,02:00
765,22021,SAC,DEN,2022-02-27,02:00
766,22021,NYK,PHI,2022-02-27,18:00
767,22021,PHI,NYK,2022-02-27,18:00
768,22021,PHX,UTA,2022-02-27,20:30
769,22021,UTA,PHX,2022-02-27,20:30
770,22021,IND,BOS,2022-02-27,22:00
771,22021,BOS,IND,2022-02-27,22:00
772,22021,CHA,DET,2022-02-28,00:00
773,22021,DET,CHA,2022-02-28,00:00
774,22021,HOU,LAC,2022-02-28,00:00
775,22021,LAC,HOU,2022-02-28,00:00
776,22021,GSW,DAL,2022-02-28,00:30
777,22021,DAL,GSW,2022-02-28,00:30
778,22021,POR,DEN,2022-02-28,02:00
779,22021,DEN,POR,2022-02-28,02:00
780,22021,LAL,NOP,2022-02-28,03:00
781,22021,NOP,LAL,2022-02-28,03:00
782,22021,CLE,MIN,2022-03-01,00:00
783,22021,MIN,CLE,2022-03-01,00:00
784,22021,ORL,IND,2022-03-01,00:00
785,22021,IND,ORL,2022-03-01,00:00
786,22021,BKN,TOR,2022-03-01,00:30
787,22021,TOR,BKN,2022-03-01,00:30
788,22021,MIA,CHI,2022-03-01,00:30
789,22021,CHI,MIA,2022-03-01,00:30
790,22021,MEM,SAS,2022-03-01,01:00
791,22021,SAS,MEM,2022-03-01,01:00
792,22021,MIL,CHA,2022-03-01,01:00
793,22021,CHA,MIL,2022-03-01,01:00
794,22021,OKC,SAC,2022-03-01,01:00
795,22021,SAC,OKC,2022-03-01,01:00
796,22021,WAS,DET,2022-03-02,00:00
797,22021,DET,WAS,2022-03-02,00:00
798,22021,BOS,ATL,2022-03-02,00:30
799,22021,ATL,BOS,2022-03-02,00:30
800,22021,TOR,BKN,2022-03-02,00:30
801,22021,BKN,TOR,2022-03-02,00:30
802,22021,HOU,LAC,2022-03-02,01:00
803,22021,LAC,HOU,2022-03-02,01:00
804,22021,MIN,GSW,2022-03-02,01:00
805,22021,GSW,MIN,2022-03-02,01:00
806,22021,LAL,DAL,2022-03-02,03:00
807,22021,DAL,LAL,2022-03-02,03:00
808,22021,CLE,CHA,2022-03-03,00:00
809,22021,CHA,CLE,2022-03-03,00:00
810,22021,ORL,IND,2022-03-03,00:00
811,22021,IND,ORL,2022-03-03,00:00
812,22021,PHI,NYK,2022-03-03,00:30
813,22021,NYK,PHI,2022-03-03,00:30
814,22021,HOU,UTA,2022-03-03,01:00
815,22021,UTA,HOU,2022-03-03,01:00
816,22021,MIL,MIA,2022-03-03,01:00
817,22021,MIA,MIL,2022-03-03,01:00
818,22021,NOP,SAC,2022-03-03,01:00
819,22021,SAC,NOP,2022-03-03,01:00
820,22021,DEN,OKC,2022-03-03,02:00
821,22021,OKC,DEN,2022-03-03,02:00
822,22021,PHX,POR,2022-03-03,03:00
823,22021,POR,PHX,2022-03-03,03:00
824,22021,ATL,CHI,2022-03-04,00:00
825,22021,CHI,ATL,2022-03-04,00:00
826,22021,BOS,MEM,2022-03-04,00:30
827,22021,MEM,BOS,2022-03-04,00:30
828,22021,BKN,MIA,2022-03-04,00:30
829,22021,MIA,BKN,2022-03-04,00:30
830,22021,TOR,DET,2022-03-04,00:30
831,22021,DET,TOR,2022-03-04,00:30
832,22021,DAL,GSW,2022-03-04,01:30
833,22021,GSW,DAL,2022-03-04,01:30
834,22021,SAS,SAC,2022-03-04,01:30
835,22021,SAC,SAS,2022-03-04,01:30
836,22021,LAC,LAL,2022-03-04,03:00
837,22021,LAL,LAC,2022-03-04,03:00
838,22021,DET,IND,2022-03-05,00:00
839,22021,IND,DET,2022-03-05,00:00
840,22021,PHI,CLE,2022-03-05,00:00
841,22021,CLE,PHI,2022-03-05,00:00
842,22021,WAS,ATL,2022-03-05,00:00
843,22021,ATL,WAS,2022-03-05,00:00
844,22021,TOR,ORL,2022-03-05,00:30
845,22021,ORL,TOR,2022-03-05,00:30
846,22021,CHI,MIL,2022-03-05,00:30
847,22021,MIL,CHI,2022-03-05,00:30
848,22021,NOP,UTA,2022-03-05,01:00
849,22021,UTA,NOP,2022-03-05,01:00
850,22021,OKC,MIN,2022-03-05,01:00
851,22021,MIN,OKC,2022-03-05,01:00
852,22021,DEN,HOU,2022-03-05,02:00
853,22021,HOU,DEN,2022-03-05,02:00
854,22021,PHX,NYK,2022-03-05,03:00
855,22021,NYK,PHX,2022-03-05,03:00
856,22021,DAL,SAC,2022-03-05,22:00
857,22021,SAC,DAL,2022-03-05,22:00
858,22021,CHA,SAS,2022-03-06,00:00
859,22021,SAS,CHA,2022-03-06,00:00
860,22021,MIA,PHI,2022-03-06,01:00
861,22021,PHI,MIA,2022-03-06,01:00
862,22021,MEM,ORL,2022-03-06,01:00
863,22021,ORL,MEM,2022-03-06,01:00
864,22021,MIN,POR,2022-03-06,01:00
865,22021,POR,MIN,2022-03-06,01:00
866,22021,LAL,GSW,2022-03-06,01:30
867,22021,GSW,LAL,2022-03-06,01:30
868,22021,BOS,BKN,2022-03-06,18:00
869,22021,BKN,BOS,2022-03-06,18:00
870,22021,MIL,PHX,2022-03-06,20:30
871,22021,PHX,MIL,2022-03-06,20:30
872,22021,WAS,IND,2022-03-06,23:00
873,22021,IND,WAS,2022-03-06,23:00
874,22021,HOU,MEM,2022-03-07,00:00
875,22021,MEM,HOU,2022-03-07,00:00
876,22021,OKC,UTA,2022-03-07,00:00
877,22021,UTA,OKC,2022-03-07,00:00
878,22021,CLE,TOR,2022-03-07,00:30
879,22021,TOR,CLE,2022-03-07,00:30
880,22021,DEN,NOP,2022-03-07,01:00
881,22021,NOP,DEN,2022-03-07,01:00
882,22021,LAC,NYK,2022-03-07,03:00
883,22021,NYK,LAC,2022-03-07,03:00
884,22021,DET,ATL,2022-03-08,00:00
885,22021,ATL,DET,2022-03-08,00:00
886,22021,PHI,CHI,2022-03-08,00:00
887,22021,CHI,PHI,2022-03-08,00:00
888,22021,MIA,HOU,2022-03-08,00:30
889,22021,HOU,MIA,2022-03-08,00:30
890,22021,MIN,POR,2022-03-08,01:00
891,22021,POR,MIN,2022-03-08,01:00
892,22021,DAL,UTA,2022-03-08,01:30
893,22021,UTA,DAL,2022-03-08,01:30
894,22021,SAS,LAL,2022-03-08,01:30
895,22021,LAL,SAS,2022-03-08,01:30
896,22021,DEN,GSW,2022-03-08,02:00
897,22021,GSW,DEN,2022-03-08,02:00
898,22021,SAC,NYK,2022-03-08,03:30
899,22021,NYK,SAC,2022-03-08,03:30
900,22021,CHA,BKN,2022-03-09,00:00
901,22021,BKN,CHA,2022-03-09,00:00
902,22021,IND,CLE,2022-03-09,00:00
903,22021,CLE,IND,2022-03-09,00:00
904,22021,ORL,PHX,2022-03-09,00:00
905,22021,PHX,ORL,2022-03-09,00:00
906,22021,MEM,NOP,2022-03-09,00:30
907,22021,NOP,MEM,2022-03-09,00:30
908,22021,OKC,MIL,2022-03-09,01:00
909,22021,MIL,OKC,2022-03-09,01:00
910,22021,GSW,LAC,2022-03-09,03:00
911,22021,LAC,GSW,2022-03-09,03:00
912,22021,CHA,BOS,2022-03-10,00:00
913,22021,BOS,CHA,2022-03-10,00:00
914,22021,DET,CHI,2022-03-10,00:00
915,22021,CHI,DET,2022-03-10,00:00
916,22021,MIA,PHX,2022-03-10,00:30
917,22021,PHX,MIA,2022-03-10,00:30
918,22021,MIL,ATL,2022-03-10,01:00
919,22021,ATL,MIL,2022-03-10,01:00
920,22021,HOU,LAL,2022-03-10,01:00
921,22021,LAL,HOU,2022-03-10,01:00
922,22021,MIN,OKC,2022-03-10,01:00
923,22021,OKC,MIN,2022-03-10,01:00
924,22021,NOP,ORL,2022-03-10,01:00
925,22021,ORL,NOP,2022-03-10,01:00
926,22021,DAL,NYK,2022-03-10,01:30
927,22021,NYK,DAL,2022-03-10,01:30
928,22021,SAS,TOR,2022-03-10,01:30
929,22021,TOR,SAS,2022-03-10,01:30
930,22021,UTA,POR,2022-03-10,03:00
931,22021,POR,UTA,2022-03-10,03:00
932,22021,SAC,DEN,2022-03-10,03:00
933,22021,DEN,SAC,2022-03-10,03:00
934,22021,LAC,WAS,2022-03-10,03:30
935,22021,WAS,LAC,2022-03-10,03:30
936,22021,PHI,BKN,2022-03-11,00:30
937,22021,BKN,PHI,2022-03-11,00:30
938,22021,DEN,GSW,2022-03-11,03:00
939,22021,GSW,DEN,2022-03-11,03:00
940,22021,ORL,MIN,2022-03-12,00:00
941,22021,MIN,ORL,2022-03-12,00:00
942,22021,ATL,LAC,2022-03-12,00:30
943,22021,LAC,ATL,2022-03-12,00:30
944,22021,BOS,DET,2022-03-12,00:30
945,22021,DET,BOS,2022-03-12,00:30
946,22021,MIA,CLE,2022-03-12,01:00
947,22021,CLE,MIA,2022-03-12,01:00
948,22021,HOU,DAL,2022-03-12,01:00
949,22021,DAL,HOU,2022-03-12,01:00
950,22021,MEM,NYK,2022-03-12,01:00
951,22021,NYK,MEM,2022-03-12,01:00
952,22021,NOP,CHA,2022-03-12,01:00
953,22021,CHA,NOP,2022-03-12,01:00
954,22021,SAS,UTA,2022-03-12,01:30
955,22021,UTA,SAS,2022-03-12,01:30
956,22021,PHX,TOR,2022-03-12,02:00
957,22021,TOR,PHX,2022-03-12,02:00
958,22021,LAL,WAS,2022-03-12,03:30
959,22021,WAS,LAL,2022-03-12,03:30
960,22021,MIA,MIN,2022-03-13,01:00
961,22021,MIN,MIA,2022-03-13,01:00
962,22021,CHI,CLE,2022-03-13,01:00
963,22021,CLE,CHI,2022-03-13,01:00
964,22021,SAS,IND,2022-03-13,01:00
965,22021,IND,SAS,2022-03-13,01:00
966,22021,GSW,MIL,2022-03-13,01:30
967,22021,MIL,GSW,2022-03-13,01:30
968,22021,DEN,TOR,2022-03-13,02:00
969,22021,TOR,DEN,2022-03-13,02:00
970,22021,UTA,SAC,2022-03-13,02:00
971,22021,SAC,UTA,2022-03-13,02:00
972,22021,POR,WAS,2022-03-13,03:00
973,22021,WAS,POR,2022-03-13,03:00
974,22021,BKN,NYK,2022-03-13,17:00
975,22021,NYK,BKN,2022-03-13,17:00
976,22021,DET,LAC,2022-03-13,19:00
977,22021,LAC,DET,2022-03-13,19:00
978,22021,BOS,DAL,2022-03-13,19:30
979,22021,DAL,BOS,2022-03-13,19:30
980,22021,ORL,PHI,2022-03-13,22:00
981,22021,PHI,ORL,2022-03-13,22:00
982,22021,ATL,IND,2022-03-13,23:00
983,22021,IND,ATL,2022-03-13,23:00
984,22021,NOP,HOU,2022-03-13,23:00
985,22021,HOU,NOP,2022-03-13,23:00
986,22021,OKC,MEM,2022-03-13,23:00
987,22021,MEM,OKC,2022-03-13,23:00
988,22021,PHX,LAL,2022-03-14,01:00
989,22021,LAL,PHX,2022-03-14,01:00
990,22021,CLE,LAC,2022-03-14,23:00
991,22021,LAC,CLE,2022-03-14,23:00
992,22021,ATL,POR,2022-03-14,23:30
993,22021,POR,ATL,2022-03-14,23:30
994,22021,PHI,DEN,2022-03-14,23:30
995,22021,DEN,PHI,2022-03-14,23:30
996,22021,OKC,CHA,2022-03-15,00:00
997,22021,CHA,OKC,2022-03-15,00:00
998,22021,SAS,MIN,2022-03-15,00:30
999,22021,MIN,SAS,2022-03-15,00:30
1000,22021,GSW,WAS,2022-03-15,02:00
1001,22021,WAS,GSW,2022-03-15,02:00
1002,22021,SAC,CHI,2022-03-15,02:00
1003,22021,CHI,SAC,2022-03-15,02:00
1004,22021,UTA,MIL,2022-03-15,02:00
1005,22021,MIL,UTA,2022-03-15,02:00
1006,22021,LAL,TOR,2022-03-15,02:30
1007,22021,TOR,LAL,2022-03-15,02:30
1008,22021,IND,MEM,2022-03-15,23:00
1009,22021,MEM,IND,2022-03-15,23:00
1010,22021,ORL,BKN,2022-03-15,23:00
1011,22021,BKN,ORL,2022-03-15,23:00
1012,22021,MIA,DET,2022-03-15,23:30
1013,22021,DET,MIA,2022-03-15,23:30
1014,22021,NOP,PHX,2022-03-16,00:00
1015,22021,PHX,NOP,2022-03-16,00:00
1016,22021,CHA,ATL,2022-03-16,23:00
1017,22021,ATL,CHA,2022-03-16,23:00
1018,22021,CLE,PHI,2022-03-16,23:00
1019,22021,PHI,CLE,2022-03-16,23:00
1020,22021,WAS,DEN,2022-03-16,23:00
1021,22021,DEN,WAS,2022-03-16,23:00
1022,22021,BKN,DAL,2022-03-16,23:30
1023,22021,DAL,BKN,2022-03-16,23:30
1024,22021,NYK,POR,2022-03-16,23:30
1025,22021,POR,NYK,2022-03-16,23:30
1026,22021,HOU,PHX,2022-03-17,00:00
1027,22021,PHX,HOU,2022-03-17,00:00
1028,22021,MIN,LAL,2022-03-17,00:00
1029,22021,LAL,MIN,2022-03-17,00:00
1030,22021,SAS,OKC,2022-03-17,00:30
1031,22021,OKC,SAS,2022-03-17,00:30
1032,22021,UTA,CHI,2022-03-17,01:00
1033,22021,CHI,UTA,2022-03-17,01:00
1034,22021,GSW,BOS,2022-03-17,02:00
1035,22021,BOS,GSW,2022-03-17,02:00
1036,22021,SAC,MIL,2022-03-17,02:00
1037,22021,MIL,SAC,2022-03-17,02:00
1038,22021,LAC,TOR,2022-03-17,02:30
1039,22021,TOR,LAC,2022-03-17,02:30
1040,22021,ORL,DET,2022-03-17,23:00
1041,22021,DET,ORL,2022-03-17,23:00
1042,22021,PHI,DAL,2022-03-18,23:00
1043,22021,DAL,PHI,2022-03-18,23:00
1044,22021,ATL,MEM,2022-03-18,23:30
1045,22021,MEM,ATL,2022-03-18,23:30
1046,22021,BKN,POR,2022-03-18,23:30
1047,22021,POR,BKN,2022-03-18,23:30
1048,22021,CLE,DEN,2022-03-18,23:30
1049,22021,DEN,CLE,2022-03-18,23:30
1050,22021,NYK,WAS,2022-03-18,23:30
1051,22021,WAS,NYK,2022-03-18,23:30
1052,22021,TOR,LAL,2022-03-18,23:30
1053,22021,LAL,TOR,2022-03-18,23:30
1054,22021,MIA,OKC,2022-03-19,00:00
1055,22021,OKC,MIA,2022-03-19,00:00
1056,22021,HOU,IND,2022-03-19,00:00
1057,22021,IND,HOU,2022-03-19,00:00
1058,22021,SAS,NOP,2022-03-19,00:30
1059,22021,NOP,SAS,2022-03-19,00:30
1060,22021,UTA,LAC,2022-03-19,01:00
1061,22021,LAC,UTA,2022-03-19,01:00
1062,22021,PHX,CHI,2022-03-19,02:00
1063,22021,CHI,PHX,2022-03-19,02:00
1064,22021,SAC,BOS,2022-03-19,02:00
1065,22021,BOS,SAC,2022-03-19,02:00
1066,22021,MIN,MIL,2022-03-19,21:00
1067,22021,MIL,MIN,2022-03-19,21:00
1068,22021,CHA,DAL,2022-03-19,23:00
1069,22021,DAL,CHA,2022-03-19,23:00
1070,22021,CLE,DET,2022-03-20,00:00
1071,22021,DET,CLE,2022-03-20,00:00
1072,22021,WAS,LAL,2022-03-20,00:00
1073,22021,LAL,WAS,2022-03-20,00:00
1074,22021,IND,POR,2022-03-20,19:30
1075,22021,POR,IND,2022-03-20,19:30
1076,22021,HOU,MEM,2022-03-20,19:30
1077,22021,MEM,HOU,2022-03-20,19:30
1078,22021,ATL,NOP,2022-03-20,22:00
1079,22021,NOP,ATL,2022-03-20,22:00
1080,22021,ORL,OKC,2022-03-20,22:00
1081,22021,OKC,ORL,2022-03-20,22:00
1082,22021,SAC,PHX,2022-03-20,22:00
1083,22021,PHX,SAC,2022-03-20,22:00
1084,22021,NYK,UTA,2022-03-20,23:30
1085,22021,UTA,NYK,2022-03-20,23:30
1086,22021,DEN,BOS,2022-03-21,00:00
1087,22021,BOS,DEN,2022-03-21,00:00
1088,22021,PHI,TOR,2022-03-21,00:30
1089,22021,TOR,PHI,2022-03-21,00:30
1090,22021,GSW,SAS,2022-03-21,00:30
1091,22021,SAS,GSW,2022-03-21,00:30
1092,22021,CHA,NOP,2022-03-21,23:00
1093,22021,NOP,CHA,2022-03-21,23:00
1094,22021,CLE,LAL,2022-03-21,23:00
1095,22021,LAL,CLE,2022-03-21,23:00
1096,22021,DET,POR,2022-03-21,23:00
1097,22021,POR,DET,2022-03-21,23:00
1098,22021,PHI,MIA,2022-03-21,23:30
1099,22021,MIA,PHI,2022-03-21,23:30
1100,22021,BKN,UTA,2022-03-21,23:30
1101,22021,UTA,BKN,2022-03-21,23:30
1102,22021,CHI,TOR,2022-03-22,00:00
1103,22021,TOR,CHI,2022-03-22,00:00
1104,22021,HOU,WAS,2022-03-22,00:00
1105,22021,WAS,HOU,2022-03-22,00:00
1106,22021,OKC,BOS,2022-03-22,00:00
1107,22021,BOS,OKC,2022-03-22,00:00
1108,22021,DAL,MIN,2022-03-22,00:30
1109,22021,MIN,DAL,2022-03-22,00:30
1110,22021,ORL,GSW,2022-03-22,23:00
1111,22021,GSW,ORL,2022-03-22,23:00
1112,22021,NYK,ATL,2022-03-22,23:30
1113,22021,ATL,NYK,2022-03-22,23:30
1114,22021,MIL,CHI,2022-03-23,00:00
1115,22021,CHI,MIL,2022-03-23,00:00
1116,22021,DEN,LAC,2022-03-23,02:00
1117,22021,LAC,DEN,2022-03-23,02:00
1118,22021,CHA,NYK,2022-03-23,23:00
1119,22021,NYK,CHA,2022-03-23,23:00
1120,22021,DET,ATL,2022-03-23,23:00
1121,22021,ATL,DET,2022-03-23,23:00
1122,22021,IND,SAC,2022-03-23,23:00
1123,22021,SAC,IND,2022-03-23,23:00
1124,22021,BOS,UTA,2022-03-23,23:30
1125,22021,UTA,BOS,2022-03-23,23:30
1126,22021,MIA,GSW,2022-03-23,23:30
1127,22021,GSW,MIA,2022-03-23,23:30
1128,22021,MEM,BKN,2022-03-23,23:30
1129,22021,BKN,MEM,2022-03-23,23:30
1130,22021,MIN,PHX,2022-03-24,00:00
1131,22021,PHX,MIN,2022-03-24,00:00
1132,22021,OKC,ORL,2022-03-24,00:00
1133,22021,ORL,OKC,2022-03-24,00:00
1134,22021,DAL,HOU,2022-03-24,00:30
1135,22021,HOU,DAL,2022-03-24,00:30
1136,22021,LAL,PHI,2022-03-24,02:00
1137,22021,PHI,LAL,2022-03-24,02:00
1138,22021,POR,SAS,2022-03-24,02:00
1139,22021,SAS,POR,2022-03-24,02:00
1140,22021,TOR,CLE,2022-03-24,23:30
1141,22021,CLE,TOR,2022-03-24,23:30
1142,22021,MEM,IND,2022-03-25,00:00
1143,22021,IND,MEM,2022-03-25,00:00
1144,22021,MIL,WAS,2022-03-25,00:00
1145,22021,WAS,MIL,2022-03-25,00:00
1146,22021,NOP,CHI,2022-03-25,00:00
1147,22021,CHI,NOP,2022-03-25,00:00
1148,22021,DEN,PHX,2022-03-25,01:00
1149,22021,PHX,DEN,2022-03-25,01:00
1150,22021,CHA,UTA,2022-03-25,23:00
1151,22021,UTA,CHA,2022-03-25,23:00
1152,22021,DET,WAS,2022-03-25,23:00
1153,22021,WAS,DET,2022-03-25,23:00
1154,22021,ATL,GSW,2022-03-25,23:30
1155,22021,GSW,ATL,2022-03-25,23:30
1156,22021,MIA,NYK,2022-03-26,00:00
1157,22021,NYK,MIA,2022-03-26,00:00
1158,22021,MIN,DAL,2022-03-26,00:00
1159,22021,DAL,MIN,2022-03-26,00:00
1160,22021,POR,HOU,2022-03-26,02:00
1161,22021,HOU,POR,2022-03-26,02:00
1162,22021,LAC,PHI,2022-03-26,02:30
1163,22021,PHI,LAC,2022-03-26,02:30
1164,22021,NOP,SAS,2022-03-26,21:00
1165,22021,SAS,NOP,2022-03-26,21:00
1166,22021,ORL,SAC,2022-03-26,23:00
1167,22021,SAC,ORL,2022-03-26,23:00
1168,22021,TOR,IND,2022-03-26,23:30
1169,22021,IND,TOR,2022-03-26,23:30
1170,22021,CLE,CHI,2022-03-27,00:00
1171,22021,CHI,CLE,2022-03-27,00:00
1172,22021,MIA,BKN,2022-03-27,00:00
1173,22021,BKN,MIA,2022-03-27,00:00
1174,22021,MEM,MIL,2022-03-27,00:00
1175,22021,MIL,MEM,2022-03-27,00:00
1176,22021,DEN,OKC,2022-03-27,01:00
1177,22021,OKC,DEN,2022-03-27,01:00
1178,22021,POR,HOU,2022-03-27,02:00
1179,22021,HOU,POR,2022-03-27,02:00
1180,22021,DET,NYK,2022-03-27,19:30
1181,22021,NYK,DET,2022-03-27,19:30
1182,22021,BOS,MIN,2022-03-27,22:00
1183,22021,MIN,BOS,2022-03-27,22:00
1184,22021,WAS,GSW,2022-03-27,22:00
1185,22021,GSW,WAS,2022-03-27,22:00
1186,22021,PHX,PHI,2022-03-27,22:00
1187,22021,PHI,PHX,2022-03-27,22:00
1188,22021,NOP,LAL,2022-03-27,23:00
1189,22021,LAL,NOP,2022-03-27,23:00
1190,22021,BKN,CHA,2022-03-27,23:30
1191,22021,CHA,BKN,2022-03-27,23:30
1192,22021,DAL,UTA,2022-03-27,23:30
1193,22021,UTA,DAL,2022-03-27,23:30
1194,22021,CHA,DEN,2022-03-28,23:00
1195,22021,DEN,CHA,2022-03-28,23:00
1196,22021,CLE,ORL,2022-03-28,23:00
1197,22021,ORL,CLE,2022-03-28,23:00
1198,22021,IND,ATL,2022-03-28,23:00
1199,22021,ATL,IND,2022-03-28,23:00
1200,22021,MIA,SAC,2022-03-28,23:30
1201,22021,SAC,MIA,2022-03-28,23:30
1202,22021,NYK,CHI,2022-03-28,23:30
1203,22021,CHI,NYK,2022-03-28,23:30
1204,22021,TOR,BOS,2022-03-28,23:30
1205,22021,BOS,TOR,2022-03-28,23:30
1206,22021,HOU,SAS,2022-03-29,00:00
1207,22021,SAS,HOU,2022-03-29,00:00
1208,22021,MEM,GSW,2022-03-29,00:00
1209,22021,GSW,MEM,2022-03-29,00:00
1210,22021,POR,OKC,2022-03-29,02:00
1211,22021,OKC,POR,2022-03-29,02:00
1212,22021,PHI,MIL,2022-03-29,23:00
1213,22021,MIL,PHI,2022-03-29,23:00
1214,22021,WAS,CHI,2022-03-29,23:00
1215,22021,CHI,WAS,2022-03-29,23:00
1216,22021,BKN,DET,2022-03-29,23:30
1217,22021,DET,BKN,2022-03-29,23:30
1218,22021,DAL,LAL,2022-03-29,23:30
1219,22021,LAL,DAL,2022-03-29,23:30
1220,22021,LAC,UTA,2022-03-30,02:00
1221,22021,UTA,LAC,2022-03-30,02:00
1222,22021,CLE,DAL,2022-03-30,23:00
1223,22021,DAL,CLE,2022-03-30,23:00
1224,22021,IND,DEN,2022-03-30,23:00
1225,22021,DEN,IND,2022-03-30,23:00
1226,22021,WAS,ORL,2022-03-30,23:00
1227,22021,ORL,WAS,2022-03-30,23:00
1228,22021,BOS,MIA,2022-03-30,23:30
1229,22021,MIA,BOS,2022-03-30,23:30
1230,22021,NYK,CHA,2022-03-30,23:30
1231,22021,CHA,NYK,2022-03-30,23:30
1232,22021,TOR,MIN,2022-03-30,23:30
1233,22021,MIN,TOR,2022-03-30,23:30
1234,22021,HOU,SAC,2022-03-31,00:00
1235,22021,SAC,HOU,2022-03-31,00:00
1236,22021,OKC,ATL,2022-03-31,00:00
1237,22021,ATL,OKC,2022-03-31,00:00
1238,22021,SAS,MEM,2022-03-31,00:30
1239,22021,MEM,SAS,2022-03-31,00:30
1240,22021,GSW,PHX,2022-03-31,02:00
1241,22021,PHX,GSW,2022-03-31,02:00
1242,22021,POR,NOP,2022-03-31,02:00
1243,22021,NOP,POR,2022-03-31,02:00
1244,22021,DET,PHI,2022-03-31,23:00
1245,22021,PHI,DET,2022-03-31,23:00
1246,22021,ATL,CLE,2022-03-31,23:30
1247,22021,CLE,ATL,2022-03-31,23:30
1248,22021,BKN,MIL,2022-03-31,23:30
1249,22021,MIL,BKN,2022-03-31,23:30
1250,22021,CHI,LAC,2022-04-01,00:00
1251,22021,LAC,CHI,2022-04-01,00:00
1252,22021,UTA,LAL,2022-04-01,02:00
1253,22021,LAL,UTA,2022-04-01,02:00
1254,22021,ORL,TOR,2022-04-01,23:00
1255,22021,TOR,ORL,2022-04-01,23:00
1256,22021,WAS,DAL,2022-04-01,23:00
1257,22021,DAL,WAS,2022-04-01,23:00
1258,22021,BOS,IND,2022-04-01,23:30
1259,22021,IND,BOS,2022-04-01,23:30
1260,22021,HOU,SAC,2022-04-02,00:00
1261,22021,SAC,HOU,2022-04-02,00:00
1262,22021,MEM,PHX,2022-04-02,00:00
1263,22021,PHX,MEM,2022-04-02,00:00
1264,22021,MIL,LAC,2022-04-02,00:00
1265,22021,LAC,MIL,2022-04-02,00:00
1266,22021,OKC,DET,2022-04-02,00:00
1267,22021,DET,OKC,2022-04-02,00:00
1268,22021,SAS,POR,2022-04-02,00:30
1269,22021,POR,SAS,2022-04-02,00:30
1270,22021,DEN,MIN,2022-04-02,01:00
1271,22021,MIN,DEN,2022-04-02,01:00
1272,22021,LAL,NOP,2022-04-02,02:30
1273,22021,NOP,LAL,2022-04-02,02:30
1274,22021,PHI,CHA,2022-04-02,16:30
1275,22021,CHA,PHI,2022-04-02,16:30
1276,22021,NYK,CLE,2022-04-02,17:00
1277,22021,CLE,NYK,2022-04-02,17:00
1278,22021,ATL,BKN,2022-04-02,23:30
1279,22021,BKN,ATL,2022-04-02,23:30
1280,22021,CHI,MIA,2022-04-03,00:00
1281,22021,MIA,CHI,2022-04-03,00:00
1282,22021,GSW,UTA,2022-04-03,00:30
1283,22021,UTA,GSW,2022-04-03,00:30
1284,22021,BOS,WAS,2022-04-03,17:00
1285,22021,WAS,BOS,2022-04-03,17:00
1286,22021,MIL,DAL,2022-04-03,17:00
1287,22021,DAL,MIL,2022-04-03,17:00
1288,22021,LAL,DEN,2022-04-03,19:30
1289,22021,DEN,LAL,2022-04-03,19:30
1290,22021,IND,DET,2022-04-03,21:00
1291,22021,DET,IND,2022-04-03,21:00
1292,22021,CLE,PHI,2022-04-03,22:00
1293,22021,PHI,CLE,2022-04-03,22:00
1294,22021,ORL,NYK,2022-04-03,22:00
1295,22021,NYK,ORL,2022-04-03,22:00
1296,22021,TOR,MIA,2022-04-03,23:00
1297,22021,MIA,TOR,2022-04-03,23:00
1298,22021,HOU,MIN,2022-04-03,23:00
1299,22021,MIN,HOU,2022-04-03,23:00
1300,22021,OKC,PHX,2022-04-03,23:00
1301,22021,PHX,OKC,2022-04-03,23:00
1302,22021,SAS,POR,2022-04-03,23:00
1303,22021,POR,SAS,2022-04-03,23:00
1304,22021,SAC,GSW,2022-04-04,01:00
1305,22021,GSW,SAC,2022-04-04,01:00
1306,22021,LAC,NOP,2022-04-04,01:30
1307,22021,NOP,LAC,2022-04-04,01:30
1308,22021,IND,PHI,2022-04-05,23:00
1309,22021,PHI,IND,2022-04-05,23:00
1310,22021,ORL,CLE,2022-04-05,23:00
1311,22021,CLE,ORL,2022-04-05,23:00
1312,22021,BKN,HOU,2022-04-05,23:30
1313,22021,HOU,BKN,2022-04-05,23:30
1314,22021,MIA,CHA,2022-04-05,23:30
1315,22021,CHA,MIA,2022-04-05,23:30
1316,22021,TOR,ATL,2022-04-05,23:30
1317,22021,ATL,TOR,2022-04-05,23:30
1318,22021,CHI,MIL,2022-04-06,00:00
1319,22021,MIL,CHI,2022-04-06,00:00
1320,22021,MIN,WAS,2022-04-06,00:00
1321,22021,WAS,MIN,2022-04-06,00:00
1322,22021,OKC,POR,2022-04-06,00:00
1323,22021,POR,OKC,2022-04-06,00:00
1324,22021,DEN,SAS,2022-04-06,01:00
1325,22021,SAS,DEN,2022-04-06,01:00
1326,22021,UTA,MEM,2022-04-06,01:00
1327,22021,MEM,UTA,2022-04-06,01:00
1328,22021,SAC,NOP,2022-04-06,02:00
1329,22021,NOP,SAC,2022-04-06,02:00
1330,22021,PHX,LAL,2022-04-06,02:30
1331,22021,LAL,PHX,2022-04-06,02:30
1332,22021,DET,DAL,2022-04-06,23:00
1333,22021,DAL,DET,2022-04-06,23:00
1334,22021,NYK,BKN,2022-04-06,23:30
1335,22021,BKN,NYK,2022-04-06,23:30
1336,22021,ATL,WAS,2022-04-07,00:00
1337,22021,WAS,ATL,2022-04-07,00:00
1338,22021,CHI,BOS,2022-04-07,00:00
1339,22021,BOS,CHI,2022-04-07,00:00
1340,22021,UTA,OKC,2022-04-07,01:00
1341,22021,OKC,UTA,2022-04-07,01:00
1342,22021,LAC,PHX,2022-04-07,02:00
1343,22021,PHX,LAC,2022-04-07,02:00
1344,22021,CHA,ORL,2022-04-07,23:00
1345,22021,ORL,CHA,2022-04-07,23:00
1346,22021,TOR,PHI,2022-04-07,23:30
1347,22021,PHI,TOR,2022-04-07,23:30
1348,22021,MIL,BOS,2022-04-07,23:30
1349,22021,BOS,MIL,2022-04-07,23:30
1350,22021,MIN,SAS,2022-04-08,00:00
1351,22021,SAS,MIN,2022-04-08,00:00
1352,22021,NOP,POR,2022-04-08,00:00
1353,22021,POR,NOP,2022-04-08,00:00
1354,22021,DEN,MEM,2022-04-08,01:00
1355,22021,MEM,DEN,2022-04-08,01:00
1356,22021,GSW,LAL,2022-04-08,02:00
1357,22021,LAL,GSW,2022-04-08,02:00
1358,22021,DET,MIL,2022-04-08,23:00
1359,22021,MIL,DET,2022-04-08,23:00
1360,22021,WAS,NYK,2022-04-08,23:00
1361,22021,NYK,WAS,2022-04-08,23:00
1362,22021,BKN,CLE,2022-04-08,23:30
1363,22021,CLE,BKN,2022-04-08,23:30
1364,22021,TOR,HOU,2022-04-08,23:30
1365,22021,HOU,TOR,2022-04-08,23:30
1366,22021,MIA,ATL,2022-04-09,00:00
1367,22021,ATL,MIA,2022-04-09,00:00
1368,22021,CHI,CHA,2022-04-09,00:00
1369,22021,CHA,CHI,2022-04-09,00:00
1370,22021,DAL,POR,2022-04-09,00:30
1371,22021,POR,DAL,2022-04-09,00:30
1372,22021,UTA,PHX,2022-04-09,01:30
1373,22021,PHX,UTA,2022-04-09,01:30
1374,22021,LAL,OKC,2022-04-09,02:30
1375,22021,OKC,LAL,2022-04-09,02:30
1376,22021,PHI,IND,2022-04-09,17:00
1377,22021,IND,PHI,2022-04-09,17:00
1378,22021,MEM,NOP,2022-04-09,22:00
1379,22021,NOP,MEM,2022-04-09,22:00
1380,22021,SAS,GSW,2022-04-10,00:30
1381,22021,GSW,SAS,2022-04-10,00:30
1382,22021,LAC,SAC,2022-04-10,01:30
1383,22021,SAC,LAC,2022-04-10,01:30
1384,22021,BKN,IND,2022-04-10,19:30
1385,22021,IND,BKN,2022-04-10,19:30
1386,22021,CHA,WAS,2022-04-10,19:30
1387,22021,WAS,CHA,2022-04-10,19:30
1388,22021,CLE,MIL,2022-04-10,19:30
1389,22021,MIL,CLE,2022-04-10,19:30
1390,22021,HOU,ATL,2022-04-10,19:30
1391,22021,ATL,HOU,2022-04-10,19:30
1392,22021,MEM,BOS,2022-04-10,23:00
1393,22021,BOS,MEM,2022-04-10,23:00
1394,22021,NYK,TOR,2022-04-10,23:00
1395,22021,TOR,NYK,2022-04-10,23:00
1396,22021,ORL,MIA,2022-04-10,23:00
1397,22021,MIA,ORL,2022-04-10,23:00
1398,22021,PHI,DET,2022-04-10,23:00
1399,22021,DET,PHI,2022-04-10,23:00
1400,22021,MIN,CHI,2022-04-11,00:30
1401,22021,CHI,MIN,2022-04-11,00:30
1402,22021,DAL,SAS,2022-04-11,01:30
1403,22021,SAS,DAL,2022-04-11,01:30
1404,22021,DEN,LAL,2022-04-11,01:30
1405,22021,LAL,DEN,2022-04-11,01:30
1406,22021,LAC,OKC,2022-04-11,01:30
1407,22021,OKC,LAC,2022-04-11,01:30
1408,22021,NOP,GSW,2022-04-11,01:30
1409,22021,GSW,NOP,2022-04-11,01:30
1410,22021,PHX,SAC,2022-04-11,01:30
1411,22021,SAC,PHX,2022-04-11,01:30
1412,22021,POR,UTA,2022-04-11,01:30
1413,22021,UTA,POR,2022-04-11,01:30
1414,22021,BKN,CLE,2022-04-12,23:00
1415,22021,CLE,BKN,2022-04-12,23:00
1416,22021,MIN,LAC,2022-04-13,01:30
1417,22021,LAC,MIN,2022-04-13,01:30
1418,22021,ATL,CHA,2022-04-13,23:00
1419,22021,CHA,ATL,2022-04-13,23:00
1420,22021,NOP,SAS,2022-04-14,01:30
1421,22021,SAS,NOP,2022-04-14,01:30
1422,22021,CLE,ATL,2022-04-15,23:30
1423,22021,ATL,CLE,2022-04-15,23:30
1424,22021,LAC,NOP,2022-04-16,02:00
1425,22021,NOP,LAC,2022-04-16,02:00
1426,22021,DAL,UTA,2022-04-16,17:00
1427,22021,UTA,DAL,2022-04-16,17:00
1428,22021,MEM,MIN,2022-04-16,19:30
1429,22021,MIN,MEM,2022-04-16,19:30
1430,22021,PHI,TOR,2022-04-16,22:00
1431,22021,TOR,PHI,2022-04-16,22:00
1432,22021,GSW,DEN,2022-04-17,00:30
1433,22021,DEN,GSW,2022-04-17,00:30
1434,22021,MIA,ATL,2022-04-17,17:00
1435,22021,ATL,MIA,2022-04-17,17:00
1436,22021,BOS,BKN,2022-04-17,19:30
1437,22021,BKN,BOS,2022-04-17,19:30
1438,22021,MIL,CHI,2022-04-17,22:30
1439,22021,CHI,MIL,2022-04-17,22:30
1440,22021,PHX,NOP,2022-04-18,01:00
1441,22021,NOP,PHX,2022-04-18,01:00
1442,22021,PHI,TOR,2022-04-18,23:30
1443,22021,TOR,PHI,2022-04-18,23:30
1444,22021,DAL,UTA,2022-04-19,00:30
1445,22021,UTA,DAL,2022-04-19,00:30
1446,22021,GSW,DEN,2022-04-19,02:00
1447,22021,DEN,GSW,2022-04-19,02:00
1448,22021,MIA,ATL,2022-04-19,23:30
1449,22021,ATL,MIA,2022-04-19,23:30
1450,22021,MEM,MIN,2022-04-20,00:30
1451,22021,MIN,MEM,2022-04-20,00:30
1452,22021,PHX,NOP,2022-04-20,02:00
1453,22021,NOP,PHX,2022-04-20,02:00
1454,22021,BOS,BKN,2022-04-20,23:00
1455,22021,BKN,BOS,2022-04-20,23:00
1456,22021,TOR,PHI,2022-04-21,00:00
1457,22021,PHI,TOR,2022-04-21,00:00
1458,22021,MIL,CHI,2022-04-21,01:30
1459,22021,CHI,MIL,2022-04-21,01:30
1460,22021,MIN,MEM,2022-04-21,23:30
1461,22021,MEM,MIN,2022-04-21,23:30
1462,22021,UTA,DAL,2022-04-22,01:00
1463,22021,DAL,UTA,2022-04-22,01:00
1464,22021,DEN,GSW,2022-04-22,02:00
1465,22021,GSW,DEN,2022-04-22,02:00
1466,22021,ATL,MIA,2022-04-22,23:00
1467,22021,MIA,ATL,2022-04-22,23:00
1468,22021,CHI,MIL,2022-04-23,00:30
1469,22021,MIL,CHI,2022-04-23,00:30
1470,22021,NOP,PHX,2022-04-23,01:30
1471,22021,PHX,NOP,2022-04-23,01:30
1472,22021,TOR,PHI,2022-04-23,18:00
1473,22021,PHI,TOR,2022-04-23,18:00
1474,22021,UTA,DAL,2022-04-23,20:30
1475,22021,DAL,UTA,2022-04-23,20:30
1476,22021,BKN,BOS,2022-04-23,23:30
1477,22021,BOS,BKN,2022-04-23,23:30
1478,22021,MIN,MEM,2022-04-24,02:00
1479,22021,MEM,MIN,2022-04-24,02:00
1480,22021,CHI,MIL,2022-04-24,17:00
1481,22021,MIL,CHI,2022-04-24,17:00
1482,22021,DEN,GSW,2022-04-24,19:30
1483,22021,GSW,DEN,2022-04-24,19:30
1484,22021,ATL,MIA,2022-04-24,23:00
1485,22021,MIA,ATL,2022-04-24,23:00
1486,22021,NOP,PHX,2022-04-25,01:30
1487,22021,PHX,NOP,2022-04-25,01:30
1488,22021,BKN,BOS,2022-04-25,23:00
1489,22021,BOS,BKN,2022-04-25,23:00
1490,22021,PHI,TOR,2022-04-26,00:00
1491,22021,TOR,PHI,2022-04-26,00:00
1492,22021,DAL,UTA,2022-04-26,01:30
1493,22021,UTA,DAL,2022-04-26,01:30
1494,22021,MIA,ATL,2022-04-26,23:00
1495,22021,ATL,MIA,2022-04-26,23:00
1496,22021,MEM,MIN,2022-04-26,23:30
1497,22021,MIN,MEM,2022-04-26,23:30
1498,22021,PHX,NOP,2022-04-27,02:00
1499,22021,NOP,PHX,2022-04-27,02:00
1500,22021,MIL,CHI,2022-04-27,23:30
1501,22021,CHI,MIL,2022-04-27,23:30
1502,22021,GSW,DEN,2022-04-28,02:00
1503,22021,DEN,GSW,2022-04-28,02:00
1504,22021,TOR,PHI,2022-04-28,23:00
1505,22021,PHI,TOR,2022-04-28,23:00
1506,22021,NOP,PHX,2022-04-28,23:30
1507,22021,PHX,NOP,2022-04-28,23:30
1508,22021,UTA,DAL,2022-04-29,02:00
1509,22021,DAL,UTA,2022-04-29,02:00
1510,22021,MIN,MEM,2022-04-30,01:00
1511,22021,MEM,MIN,2022-04-30,01:00
1512,22021,BOS,MIL,2022-05-01,17:00
1513,22021,MIL,BOS,2022-05-01,17:00
1514,22021,MEM,GSW,2022-05-01,19:30
1515,22021,GSW,MEM,2022-05-01,19:30
1516,22021,MIA,PHI,2022-05-02,23:30
1517,22021,PHI,MIA,2022-05-02,23:30
1518,22021,PHX,DAL,2022-05-03,02:00
1519,22021,DAL,PHX,2022-05-03,02:00
1520,22021,BOS,MIL,2022-05-03,23:00
1521,22021,MIL,BOS,2022-05-03,23:00
1522,22021,MEM,GSW,2022-05-04,01:30
1523,22021,GSW,MEM,2022-05-04,01:30
1524,22021,MIA,PHI,2022-05-04,23:30
1525,22021,PHI,MIA,2022-05-04,23:30
1526,22021,PHX,DAL,2022-05-05,02:00
1527,22021,DAL,PHX,2022-05-05,02:00
1528,22021,PHI,MIA,2022-05-06,23:00
1529,22021,MIA,PHI,2022-05-06,23:00
1530,22021,DAL,PHX,2022-05-07,01:30
1531,22021,PHX,DAL,2022-05-07,01:30
1532,22021,MIL,BOS,2022-05-07,19:30
1533,22021,BOS,MIL,2022-05-07,19:30
1534,22021,GSW,MEM,2022-05-08,00:30
1535,22021,MEM,GSW,2022-05-08,00:30
1536,22021,DAL,PHX,2022-05-08,19:30
1537,22021,PHX,DAL,2022-05-08,19:30
1538,22021,PHI,MIA,2022-05-09,00:00
1539,22021,MIA,PHI,2022-05-09,00:00
1540,22021,MIL,BOS,2022-05-09,23:30
1541,22021,BOS,MIL,2022-05-09,23:30
1542,22021,GSW,MEM,2022-05-10,02:00
1543,22021,MEM,GSW,2022-05-10,02:00
1544,22021,MIA,PHI,2022-05-10,23:30
1545,22021,PHI,MIA,2022-05-10,23:30
1546,22021,PHX,DAL,2022-05-11,02:00
1547,22021,DAL,PHX,2022-05-11,02:00
1548,22021,BOS,MIL,2022-05-11,23:00
1549,22021,MIL,BOS,2022-05-11,23:00
1550,22021,MEM,GSW,2022-05-12,01:30
1551,22021,GSW,MEM,2022-05-12,01:30
1552,22021,PHI,MIA,2022-05-12,23:00
1553,22021,MIA,PHI,2022-05-12,23:00
1554,22021,DAL,PHX,2022-05-13,01:30
1555,22021,PHX,DAL,2022-05-13,01:30
1556,22021,MIL,BOS,2022-05-13,23:30
1557,22021,BOS,MIL,2022-05-13,23:30
1558,22021,GSW,MEM,2022-05-14,02:00
1559,22021,MEM,GSW,2022-05-14,02:00
1560,22021,BOS,MIL,2022-05-15,19:30
1561,22021,MIL,BOS,2022-05-15,19:30
1562,22021,PHX,DAL,2022-05-16,00:00
1563,22021,DAL,PHX,2022-05-16,00:00
1564,22021,MIA,BOS,2022-05-18,00:30
1565,22021,BOS,MIA,2022-05-18,00:30
1566,22021,GSW,DAL,2022-05-19,01:00
1567,22021,DAL,GSW,2022-05-19,01:00
1568,22021,MIA,BOS,2022-05-20,00:30
1569,22021,BOS,MIA,2022-05-20,00:30
1570,22021,GSW,DAL,2022-05-21,01:00
1571,22021,DAL,GSW,2022-05-21,01:00
1572,22021,BOS,MIA,2022-05-22,00:30
1573,22021,MIA,BOS,2022-05-22,00:30
1574,22021,DAL,GSW,2022-05-23,01:00
1575,22021,GSW,DAL,2022-05-23,01:00
1576,22021,BOS,MIA,2022-05-24,00:30
1577,22021,MIA,BOS,2022-05-24,00:30
1578,22021,DAL,GSW,2022-05-25,01:00
1579,22021,GSW,DAL,2022-05-25,01:00
1580,22021,MIA,BOS,2022-05-26,00:30
1581,22021,BOS,MIA,2022-05-26,00:30
1582,22021,GSW,DAL,2022-05-27,01:00
1583,22021,DAL,GSW,2022-05-27,01:00
1584,22021,BOS,MIA,2022-05-28,00:30
1585,22021,MIA,BOS,2022-05-28,00:30
1586,22021,MIA,BOS,2022-05-30,00:30
1587,22021,BOS,MIA,2022-05-30,00:30
1588,22021,GSW,BOS,2022-06-03,01:00
1589,22021,BOS,GSW,2022-06-03,01:00
1590,22021,GSW,BOS,2022-06-06,00:00
1591,22021,BOS,GSW,2022-06-06,00:00
1592,22021,BOS,GSW,2022-06-09,01:00
1593,22021,GSW,BOS,2022-06-09,01:00
1594,22021,BOS,GSW,2022-06-11,01:00
1595,22021,GSW,BOS,2022-06-11,01:00
1596,22021,GSW,BOS,2022-06-14,01:00
1597,22021,BOS,GSW,2022-06-14,01:00
1598,22021,BOS,GSW,2022-06-17,01:00
1599,22021,GSW,BOS,2022-06-17,01:00
1600,22021,LAL,BKN,2021-10-03,19:30
1601,22021,BKN,LAL,2021-10-03,19:30
1602,22021,TOR,PHI,2021-10-04,23:00
1603,22021,PHI,TOR,2021-10-04,23:00
1604,22021,BOS,ORL,2021-10-04,23:30
1605,22021,ORL,BOS,2021-10-04,23:30
1606,22021,MIA,ATL,2021-10-04,23:30
1607,22021,ATL,MIA,2021-10-04,23:30
1608,22021,MIN,NOP,2021-10-05,00:00
1609,22021,NOP,MIN,2021-10-05,00:00
1610,22021,OKC,CHA,2021-10-05,00:00
1611,22021,CHA,OKC,2021-10-05,00:00
1612,22021,SAS,UTA,2021-10-05,00:30
1613,22021,UTA,SAS,2021-10-05,00:30
1614,22021,POR,GSW,2021-10-05,02:00
1615,22021,GSW,POR,2021-10-05,02:00
1616,22021,SAC,PHX,2021-10-05,02:00
1617,22021,PHX,SAC,2021-10-05,02:00
1618,22021,LAC,DEN,2021-10-05,02:30
1619,22021,DEN,LAC,2021-10-05,02:30
1620,22021,NYK,IND,2021-10-05,23:30
1621,22021,IND,NYK,2021-10-05,23:30
1622,22021,CHI,CLE,2021-10-06,00:00
1623,22021,CLE,CHI,2021-10-06,00:00
1624,22021,HOU,WAS,2021-10-06,00:00
1625,22021,WAS,HOU,2021-10-06,00:00
1626,22021,MEM,MIL,2021-10-06,00:00
1627,22021,MIL,MEM,2021-10-06,00:00
1628,22021,PHX,LAL,2021-10-06,22:00
1629,22021,LAL,PHX,2021-10-06,22:00
1630,22021,DET,SAS,2021-10-06,23:00
1631,22021,SAS,DET,2021-10-06,23:00
1632,22021,ATL,CLE,2021-10-06,23:30
1633,22021,CLE,ATL,2021-10-06,23:30
1634,22021,NOP,ORL,2021-10-07,00:00
1635,22021,ORL,NOP,2021-10-07,00:00
1636,22021,DAL,UTA,2021-10-07,00:30
1637,22021,UTA,DAL,2021-10-07,00:30
1638,22021,GSW,DEN,2021-10-07,02:00
1639,22021,DEN,GSW,2021-10-07,02:00
1640,22021,LAC,SAC,2021-10-07,02:30
1641,22021,SAC,LAC,2021-10-07,02:30
1642,22021,CHA,MEM,2021-10-07,23:00
1643,22021,MEM,CHA,2021-10-07,23:00
1644,22021,PHI,TOR,2021-10-07,23:00
1645,22021,TOR,PHI,2021-10-07,23:00
1646,22021,HOU,MIA,2021-10-08,02:00
1647,22021,MIA,HOU,2021-10-08,02:00
1648,22021,CLE,IND,2021-10-08,23:00
1649,22021,IND,CLE,2021-10-08,23:00
1650,22021,BKN,MIL,2021-10-08,23:30
1651,22021,MIL,BKN,2021-10-08,23:30
1652,22021,CHI,NOP,2021-10-09,00:00
1653,22021,NOP,CHI,2021-10-09,00:00
1654,22021,DAL,LAC,2021-10-09,00:30
1655,22021,LAC,DAL,2021-10-09,00:30
1656,22021,SAS,MIA,2021-10-09,00:30
1657,22021,MIA,SAS,2021-10-09,00:30
1658,22021,DEN,MIN,2021-10-09,01:00
1659,22021,MIN,DEN,2021-10-09,01:00
1660,22021,GSW,LAL,2021-10-09,02:00
1661,22021,LAL,GSW,2021-10-09,02:00
1662,22021,BOS,TOR,2021-10-09,23:00
1663,22021,TOR,BOS,2021-10-09,23:00
1664,22021,WAS,NYK,2021-10-09,23:00
1665,22021,NYK,WAS,2021-10-09,23:00
1666,22021,MEM,ATL,2021-10-10,00:00
1667,22021,ATL,MEM,2021-10-10,00:00
1668,22021,ORL,SAS,2021-10-10,22:00
1669,22021,SAS,ORL,2021-10-10,22:00
1670,22021,CLE,CHI,2021-10-10,23:00
1671,22021,CHI,CLE,2021-10-10,23:00
1672,22021,MIL,OKC,2021-10-10,23:30
1673,22021,OKC,MIL,2021-10-10,23:30
1674,22021,LAL,PHX,2021-10-11,02:00
1675,22021,PHX,LAL,2021-10-11,02:00
1676,22021,TOR,HOU,2021-10-11,23:00
1677,22021,HOU,TOR,2021-10-11,23:00
1678,22021,MIA,CHA,2021-10-11,23:30
1679,22021,CHA,MIA,2021-10-11,23:30
1680,22021,PHI,BKN,2021-10-12,00:00
1681,22021,BKN,PHI,2021-10-12,00:00
1682,22021,MEM,DET,2021-10-12,00:00
1683,22021,DET,MEM,2021-10-12,00:00
1684,22021,UTA,NOP,2021-10-12,01:00
1685,22021,NOP,UTA,2021-10-12,01:00
1686,22021,POR,SAC,2021-10-12,02:00
1687,22021,SAC,POR,2021-10-12,02:00
1688,22021,LAC,MIN,2021-10-12,02:30
1689,22021,MIN,LAC,2021-10-12,02:30
1690,22021,WAS,TOR,2021-10-12,23:00
1691,22021,TOR,WAS,2021-10-12,23:00
1692,22021,LAL,GSW,2021-10-13,02:30
1693,22021,GSW,LAL,2021-10-13,02:30
1694,22021,PHX,POR,2021-10-13,21:00
1695,22021,POR,PHX,2021-10-13,21:00
1696,22021,CHA,DAL,2021-10-13,22:30
1697,22021,DAL,CHA,2021-10-13,22:30
1698,22021,IND,MEM,2021-10-13,23:00
1699,22021,MEM,IND,2021-10-13,23:00
1700,22021,ORL,BOS,2021-10-13,23:00
1701,22021,BOS,ORL,2021-10-13,23:00
1702,22021,NYK,DET,2021-10-13,23:30
1703,22021,DET,NYK,2021-10-13,23:30
1704,22021,OKC,DEN,2021-10-14,00:00
1705,22021,DEN,OKC,2021-10-14,00:00
1706,22021,UTA,MIL,2021-10-14,01:00
1707,22021,MIL,UTA,2021-10-14,01:00
1708,22021,ATL,MIA,2021-10-14,23:00
1709,22021,MIA,ATL,2021-10-14,23:00
1710,22021,BKN,MIN,2021-10-14,23:30
1711,22021,MIN,BKN,2021-10-14,23:30
1712,22021,OKC,DEN,2021-10-15,00:00
1713,22021,DEN,OKC,2021-10-15,00:00
1714,22021,SAC,LAL,2021-10-15,02:00
1715,22021,LAL,SAC,2021-10-15,02:00
1716,22021,MIA,BOS,2021-10-15,22:30
1717,22021,BOS,MIA,2021-10-15,22:30
1718,22021,DET,PHI,2021-10-15,23:00
1719,22021,PHI,DET,2021-10-15,23:00
1720,22021,IND,CLE,2021-10-15,23:00
1721,22021,CLE,IND,2021-10-15,23:00
1722,22021,NYK,WAS,2021-10-15,23:30
1723,22021,WAS,NYK,2021-10-15,23:30
1724,22021,CHI,MEM,2021-10-16,00:00
1725,22021,MEM,CHI,2021-10-16,00:00
1726,22021,MIL,DAL,2021-10-16,00:00
1727,22021,DAL,MIL,2021-10-16,00:00
1728,22021,SAS,HOU,2021-10-16,00:30
1729,22021,HOU,SAS,2021-10-16,00:30
1730,22021,GSW,POR,2021-10-16,02:00
1731,22021,POR,GSW,2021-10-16,02:00
1732,22021,MIL,BKN,2021-10-19,23:30
1733,22021,BKN,MIL,2021-10-19,23:30
1734,22021,LAL,GSW,2021-10-20,02:00
1735,22021,GSW,LAL,2021-10-20,02:00
1736,22021,CHA,IND,2021-10-20,23:00
1737,22021,IND,CHA,2021-10-20,23:00
1738,22021,DET,CHI,2021-10-20,23:00
1739,22021,CHI,DET,2021-10-20,23:00
1740,22021,NYK,BOS,2021-10-20,23:30
1741,22021,BOS,NYK,2021-10-20,23:30
1742,22021,TOR,WAS,2021-10-20,23:30
1743,22021,WAS,TOR,2021-10-20,23:30
1744,22021,MEM,CLE,2021-10-21,00:00
1745,22021,CLE,MEM,2021-10-21,00:00
1746,22021,MIN,HOU,2021-10-21,00:00
1747,22021,HOU,MIN,2021-10-21,00:00
1748,22021,NOP,PHI,2021-10-21,00:00
1749,22021,PHI,NOP,2021-10-21,00:00
1750,22021,SAS,ORL,2021-10-21,00:30
1751,22021,ORL,SAS,2021-10-21,00:30
1752,22021,UTA,OKC,2021-10-21,01:00
1753,22021,OKC,UTA,2021-10-21,01:00
1754,22021,PHX,DEN,2021-10-21,02:00
1755,22021,DEN,PHX,2021-10-21,02:00
1756,22021,POR,SAC,2021-10-21,02:00
1757,22021,SAC,POR,2021-10-21,02:00
1758,22021,ATL,DAL,2021-10-21,23:30
1759,22021,DAL,ATL,2021-10-21,23:30
1760,22021,MIA,MIL,2021-10-22,00:00
1761,22021,MIL,MIA,2021-10-22,00:00
1762,22021,GSW,LAC,2021-10-22,02:00
1763,22021,LAC,GSW,2021-10-22,02:00
1764,22021,CLE,CHA,2021-10-22,23:00
1765,22021,CHA,CLE,2021-10-22,23:00
1766,22021,ORL,NYK,2021-10-22,23:00
1767,22021,NYK,ORL,2021-10-22,23:00
1768,22021,WAS,IND,2021-10-22,23:00
1769,22021,IND,WAS,2021-10-22,23:00
1770,22021,BOS,TOR,2021-10-22,23:30
1771,22021,TOR,BOS,2021-10-22,23:30
1772,22021,PHI,BKN,2021-10-22,23:30
1773,22021,BKN,PHI,2021-10-22,23:30
1774,22021,CHI,NOP,2021-10-23,00:00
1775,22021,NOP,CHI,2021-10-23,00:00
1776,22021,HOU,OKC,2021-10-23,00:00
1777,22021,OKC,HOU,2021-10-23,00:00
1778,22021,DEN,SAS,2021-10-23,01:00
1779,22021,SAS,DEN,2021-10-23,01:00
1780,22021,LAL,PHX,2021-10-23,02:00
1781,22021,PHX,LAL,2021-10-23,02:00
1782,22021,SAC,UTA,2021-10-23,02:00
1783,22021,UTA,SAC,2021-10-23,02:00
1784,22021,CLE,ATL,2021-10-23,22:00
1785,22021,ATL,CLE,2021-10-23,22:00
1786,22021,IND,MIA,2021-10-23,23:00
1787,22021,MIA,IND,2021-10-23,23:00
1788,22021,TOR,DAL,2021-10-23,23:30
1789,22021,DAL,TOR,2021-10-23,23:30
1790,22021,CHI,DET,2021-10-24,00:00
1791,22021,DET,CHI,2021-10-24,00:00
1792,22021,MIN,NOP,2021-10-24,00:00
1793,22021,NOP,MIN,2021-10-24,00:00
1794,22021,SAS,MIL,2021-10-24,00:30
1795,22021,MIL,SAS,2021-10-24,00:30
1796,22021,POR,PHX,2021-10-24,02:00
1797,22021,PHX,POR,2021-10-24,02:00
1798,22021,LAC,MEM,2021-10-24,02:30
1799,22021,MEM,LAC,2021-10-24,02:30
1800,22021,BKN,CHA,2021-10-24,20:00
1801,22021,CHA,BKN,2021-10-24,20:00
1802,22021,NYK,ORL,2021-10-24,23:00
1803,22021,ORL,NYK,2021-10-24,23:00
1804,22021,HOU,BOS,2021-10-24,23:00
1805,22021,BOS,HOU,2021-10-24,23:00
1806,22021,OKC,PHI,2021-10-24,23:00
1807,22021,PHI,OKC,2021-10-24,23:00
1808,22021,SAC,GSW,2021-10-25,01:00
1809,22021,GSW,SAC,2021-10-25,01:00
1810,22021,LAL,MEM,2021-10-25,01:30
1811,22021,MEM,LAL,2021-10-25,01:30
1812,22021,CHA,BOS,2021-10-25,23:00
1813,22021,BOS,CHA,2021-10-25,23:00
1814,22021,IND,MIL,2021-10-25,23:00
1815,22021,MIL,IND,2021-10-25,23:00
1816,22021,ATL,DET,2021-10-25,23:30
1817,22021,DET,ATL,2021-10-25,23:30
1818,22021,BKN,WAS,2021-10-25,23:30
1819,22021,WAS,BKN,2021-10-25,23:30
1820,22021,MIA,ORL,2021-10-25,23:30
1821,22021,ORL,MIA,2021-10-25,23:30
1822,22021,TOR,CHI,2021-10-25,23:30
1823,22021,CHI,TOR,2021-10-25,23:30
1824,22021,MIN,NOP,2021-10-26,00:00
1825,22021,NOP,MIN,2021-10-26,00:00
1826,22021,DEN,CLE,2021-10-26,01:00
1827,22021,CLE,DEN,2021-10-26,01:00
1828,22021,LAC,POR,2021-10-26,02:30
1829,22021,POR,LAC,2021-10-26,02:30
1830,22021,NYK,PHI,2021-10-26,23:30
1831,22021,PHI,NYK,2021-10-26,23:30
1832,22021,OKC,GSW,2021-10-27,00:00
1833,22021,GSW,OKC,2021-10-27,00:00
1834,22021,DAL,HOU,2021-10-27,00:30
1835,22021,HOU,DAL,2021-10-27,00:30
1836,22021,SAS,LAL,2021-10-27,00:30
1837,22021,LAL,SAS,2021-10-27,00:30
1838,22021,UTA,DEN,2021-10-27,02:00
1839,22021,DEN,UTA,2021-10-27,02:00
1840,22021,ORL,CHA,2021-10-27,23:00
1841,22021,CHA,ORL,2021-10-27,23:00
1842,22021,BOS,WAS,2021-10-27,23:30
1843,22021,WAS,BOS,2021-10-27,23:30
1844,22021,BKN,MIA,2021-10-27,23:30
1845,22021,MIA,BKN,2021-10-27,23:30
1846,22021,TOR,IND,2021-10-27,23:30
1847,22021,IND,TOR,2021-10-27,23:30
1848,22021,NOP,ATL,2021-10-27,23:30
1849,22021,ATL,NOP,2021-10-27,23:30
1850,22021,MIL,MIN,2021-10-28,00:00
1851,22021,MIN,MIL,2021-10-28,00:00
1852,22021,OKC,LAL,2021-10-28,00:00
1853,22021,LAL,OKC,2021-10-28,00:00
1854,22021,PHX,SAC,2021-10-28,02:00
1855,22021,SAC,PHX,2021-10-28,02:00
1856,22021,POR,MEM,2021-10-28,02:00
1857,22021,MEM,POR,2021-10-28,02:00
1858,22021,LAC,CLE,2021-10-28,02:30
1859,22021,CLE,LAC,2021-10-28,02:30
1860,22021,PHI,DET,2021-10-28,23:00
1861,22021,DET,PHI,2021-10-28,23:00
1862,22021,WAS,ATL,2021-10-28,23:00
1863,22021,ATL,WAS,2021-10-28,23:00
1864,22021,CHI,NYK,2021-10-29,00:00
1865,22021,NYK,CHI,2021-10-29,00:00
1866,22021,HOU,UTA,2021-10-29,00:00
1867,22021,UTA,HOU,2021-10-29,00:00
1868,22021,DAL,SAS,2021-10-29,00:30
1869,22021,SAS,DAL,2021-10-29,00:30
1870,22021,GSW,MEM,2021-10-29,02:00
1871,22021,MEM,GSW,2021-10-29,02:00
1872,22021,TOR,ORL,2021-10-29,23:00
1873,22021,ORL,TOR,2021-10-29,23:00
1874,22021,BKN,IND,2021-10-29,23:30
1875,22021,IND,BKN,2021-10-29,23:30
1876,22021,MIA,CHA,2021-10-29,23:30
1877,22021,CHA,MIA,2021-10-29,23:30
1878,22021,NOP,SAC,2021-10-30,00:00
1879,22021,SAC,NOP,2021-10-30,00:00
1880,22021,DEN,DAL,2021-10-30,02:00
1881,22021,DAL,DEN,2021-10-30,02:00
1882,22021,POR,LAC,2021-10-30,02:00
1883,22021,LAC,POR,2021-10-30,02:00
1884,22021,LAL,CLE,2021-10-30,02:30
1885,22021,CLE,LAL,2021-10-30,02:30
1886,22021,WAS,BOS,2021-10-30,21:00
1887,22021,BOS,WAS,2021-10-30,21:00
1888,22021,DET,ORL,2021-10-30,23:00
1889,22021,ORL,DET,2021-10-30,23:00
1890,22021,NOP,NYK,2021-10-30,23:00
1891,22021,NYK,NOP,2021-10-30,23:00
1892,22021,IND,TOR,2021-10-30,23:30
1893,22021,TOR,IND,2021-10-30,23:30
1894,22021,PHI,ATL,2021-10-30,23:30
1895,22021,ATL,PHI,2021-10-30,23:30
1896,22021,CHI,UTA,2021-10-31,00:00
1897,22021,UTA,CHI,2021-10-31,00:00
1898,22021,MEM,MIA,2021-10-31,00:00
1899,22021,MIA,MEM,2021-10-31,00:00
1900,22021,MIL,SAS,2021-10-31,00:00
1901,22021,SAS,MIL,2021-10-31,00:00
1902,22021,GSW,OKC,2021-10-31,00:30
1903,22021,OKC,GSW,2021-10-31,00:30
1904,22021,MIN,DEN,2021-10-31,01:00
1905,22021,DEN,MIN,2021-10-31,01:00
1906,22021,PHX,CLE,2021-10-31,02:00
1907,22021,CLE,PHX,2021-10-31,02:00
1908,22021,DAL,SAC,2021-10-31,19:30
1909,22021,SAC,DAL,2021-10-31,19:30
1910,22021,CHA,POR,2021-10-31,23:00
1911,22021,POR,CHA,2021-10-31,23:00
1912,22021,MIL,UTA,2021-10-31,23:00
1913,22021,UTA,MIL,2021-10-31,23:00
1914,22021,BKN,DET,2021-10-31,23:30
1915,22021,DET,BKN,2021-10-31,23:30
1916,22021,LAL,HOU,2021-11-01,02:30
1917,22021,HOU,LAL,2021-11-01,02:30
1918,22021,CHA,CLE,2021-11-01,23:00
1919,22021,CLE,CHA,2021-11-01,23:00
1920,22021,IND,SAS,2021-11-01,23:00
1921,22021,SAS,IND,2021-11-01,23:00
1922,22021,PHI,POR,2021-11-01,23:00
1923,22021,POR,PHI,2021-11-01,23:00
1924,22021,ATL,WAS,2021-11-01,23:30
1925,22021,WAS,ATL,2021-11-01,23:30
1926,22021,BOS,CHI,2021-11-01,23:30
1927,22021,CHI,BOS,2021-11-01,23:30
1928,22021,NYK,TOR,2021-11-01,23:30
1929,22021,TOR,NYK,2021-11-01,23:30
1930,22021,MEM,DEN,2021-11-02,00:00
1931,22021,DEN,MEM,2021-11-02,00:00
1932,22021,MIN,ORL,2021-11-02,00:00
1933,22021,ORL,MIN,2021-11-02,00:00
1934,22021,LAC,OKC,2021-11-02,02:30
1935,22021,OKC,LAC,2021-11-02,02:30
1936,22021,DET,MIL,2021-11-02,23:00
1937,22021,MIL,DET,2021-11-02,23:00
1938,22021,DAL,MIA,2021-11-02,23:30
1939,22021,MIA,DAL,2021-11-02,23:30
1940,22021,UTA,SAC,2021-11-03,01:00
1941,22021,SAC,UTA,2021-11-03,01:00
1942,22021,PHX,NOP,2021-11-03,02:00
1943,22021,NOP,PHX,2021-11-03,02:00
1944,22021,LAL,HOU,2021-11-03,02:30
1945,22021,HOU,LAL,2021-11-03,02:30
1946,22021,CLE,POR,2021-11-03,23:00
1947,22021,POR,CLE,2021-11-03,23:00
1948,22021,IND,NYK,2021-11-03,23:00
1949,22021,NYK,IND,2021-11-03,23:00
1950,22021,ORL,BOS,2021-11-03,23:00
1951,22021,BOS,ORL,2021-11-03,23:00
1952,22021,PHI,CHI,2021-11-03,23:00
1953,22021,CHI,PHI,2021-11-03,23:00
1954,22021,WAS,TOR,2021-11-03,23:00
1955,22021,TOR,WAS,2021-11-03,23:00
1956,22021,BKN,ATL,2021-11-03,23:30
1957,22021,ATL,BKN,2021-11-03,23:30
1958,22021,MEM,DEN,2021-11-04,00:00
1959,22021,DEN,MEM,2021-11-04,00:00
1960,22021,MIN,LAC,2021-11-04,00:00
1961,22021,LAC,MIN,2021-11-04,00:00
1962,22021,SAS,DAL,2021-11-04,00:30
1963,22021,DAL,SAS,2021-11-04,00:30
1964,22021,GSW,CHA,2021-11-04,02:00
1965,22021,CHA,GSW,2021-11-04,02:00
1966,22021,SAC,NOP,2021-11-04,02:00
1967,22021,NOP,SAC,2021-11-04,02:00
1968,22021,DET,PHI,2021-11-04,23:00
1969,22021,PHI,DET,2021-11-04,23:00
1970,22021,ATL,UTA,2021-11-04,23:30
1971,22021,UTA,ATL,2021-11-04,23:30
1972,22021,MIA,BOS,2021-11-04,23:30
1973,22021,BOS,MIA,2021-11-04,23:30
1974,22021,PHX,HOU,2021-11-05,02:00
1975,22021,HOU,PHX,2021-11-05,02:00
1976,22021,LAL,OKC,2021-11-05,02:30
1977,22021,OKC,LAL,2021-11-05,02:30
1978,22021,DET,BKN,2021-11-05,23:00
1979,22021,BKN,DET,2021-11-05,23:00
1980,22021,ORL,SAS,2021-11-05,23:00
1981,22021,SAS,ORL,2021-11-05,23:00
1982,22021,WAS,MEM,2021-11-05,23:00
1983,22021,MEM,WAS,2021-11-05,23:00
1984,22021,TOR,CLE,2021-11-05,23:30
1985,22021,CLE,TOR,2021-11-05,23:30
1986,22021,MIL,NYK,2021-11-05,23:30
1987,22021,NYK,MIL,2021-11-05,23:30
1988,22021,MIN,LAC,2021-11-06,00:00
1989,22021,LAC,MIN,2021-11-06,00:00
1990,22021,GSW,NOP,2021-11-06,02:00
1991,22021,NOP,GSW,2021-11-06,02:00
1992,22021,POR,IND,2021-11-06,02:00
1993,22021,IND,POR,2021-11-06,02:00
1994,22021,SAC,CHA,2021-11-06,02:00
1995,22021,CHA,SAC,2021-11-06,02:00
1996,22021,DEN,HOU,2021-11-06,21:00
1997,22021,HOU,DEN,2021-11-06,21:00
1998,22021,MIA,UTA,2021-11-06,23:30
1999,22021,UTA,MIA,2021-11-06,23:30
2000,22021,CHI,PHI,2021-11-07,00:00
2001,22021,PHI,CHI,2021-11-07,00:00
2002,22021,DAL,BOS,2021-11-07,00:30
2003,22021,BOS,DAL,2021-11-07,00:30
2004,22021,PHX,ATL,2021-11-07,02:00
2005,22021,ATL,PHX,2021-11-07,02:00
2006,22021,POR,LAL,2021-11-07,02:30
2007,22021,LAL,POR,2021-11-07,02:30
2008,22021,TOR,BKN,2021-11-07,20:30
2009,22021,BKN,TOR,2021-11-07,20:30
2010,22021,NYK,CLE,2021-11-07,23:00
2011,22021,CLE,NYK,2021-11-07,23:00
2012,22021,ORL,UTA,2021-11-07,23:00
2013,22021,UTA,ORL,2021-11-07,23:00
2014,22021,WAS,MIL,2021-11-07,23:00
2015,22021,MIL,WAS,2021-11-07,23:00
2016,22021,SAC,IND,2021-11-07,23:00
2017,22021,IND,SAC,2021-11-07,23:00
2018,22021,OKC,SAS,2021-11-08,00:00
2019,22021,SAS,OKC,2021-11-08,00:00
2020,22021,GSW,HOU,2021-11-08,01:30
2021,22021,HOU,GSW,2021-11-08,01:30
2022,22021,LAC,CHA,2021-11-08,02:00
2023,22021,CHA,LAC,2021-11-08,02:00
2024,22021,PHI,NYK,2021-11-09,00:00
2025,22021,NYK,PHI,2021-11-09,00:00
2026,22021,CHI,BKN,2021-11-09,01:00
2027,22021,BKN,CHI,2021-11-09,01:00
2028,22021,MEM,MIN,2021-11-09,01:00
2029,22021,MIN,MEM,2021-11-09,01:00
2030,22021,DAL,NOP,2021-11-09,01:30
2031,22021,NOP,DAL,2021-11-09,01:30
2032,22021,DEN,MIA,2021-11-09,02:00
2033,22021,MIA,DEN,2021-11-09,02:00
2034,22021,GSW,ATL,2021-11-09,03:00
2035,22021,ATL,GSW,2021-11-09,03:00
2036,22021,SAC,PHX,2021-11-09,03:00
2037,22021,PHX,SAC,2021-11-09,03:00
2038,22021,LAL,CHA,2021-11-09,03:30
2039,22021,CHA,LAL,2021-11-09,03:30
2040,22021,PHI,MIL,2021-11-10,00:30
2041,22021,MIL,PHI,2021-11-10,00:30
2042,22021,UTA,ATL,2021-11-10,02:00
2043,22021,ATL,UTA,2021-11-10,02:00
2044,22021,LAC,POR,2021-11-10,03:00
2045,22021,POR,LAC,2021-11-10,03:00
2046,22021,CLE,WAS,2021-11-11,00:00
2047,22021,WAS,CLE,2021-11-11,00:00
2048,22021,ORL,BKN,2021-11-11,00:00
2049,22021,BKN,ORL,2021-11-11,00:00
2050,22021,BOS,TOR,2021-11-11,00:30
2051,22021,TOR,BOS,2021-11-11,00:30
2052,22021,NYK,MIL,2021-11-11,00:30
2053,22021,MIL,NYK,2021-11-11,00:30
2054,22021,HOU,DET,2021-11-11,00:30
2055,22021,DET,HOU,2021-11-11,00:30
2056,22021,CHI,DAL,2021-11-11,01:00
2057,22021,DAL,CHI,2021-11-11,01:00
2058,22021,MEM,CHA,2021-11-11,01:00
2059,22021,CHA,MEM,2021-11-11,01:00
2060,22021,NOP,OKC,2021-11-11,01:00
2061,22021,OKC,NOP,2021-11-11,01:00
2062,22021,SAS,SAC,2021-11-11,01:30
2063,22021,SAC,SAS,2021-11-11,01:30
2064,22021,DEN,IND,2021-11-11,02:00
2065,22021,IND,DEN,2021-11-11,02:00
2066,22021,PHX,POR,2021-11-11,02:00
2067,22021,POR,PHX,2021-11-11,02:00
2068,22021,GSW,MIN,2021-11-11,03:00
2069,22021,MIN,GSW,2021-11-11,03:00
2070,22021,LAL,MIA,2021-11-11,03:00
2071,22021,MIA,LAL,2021-11-11,03:00
2072,22021,PHI,TOR,2021-11-12,00:00
2073,22021,TOR,PHI,2021-11-12,00:00
2074,22021,UTA,IND,2021-11-12,02:00
2075,22021,IND,UTA,2021-11-12,02:00
2076,22021,LAC,MIA,2021-11-12,03:30
2077,22021,MIA,LAC,2021-11-12,03:30
2078,22021,CHA,NYK,2021-11-13,00:00
2079,22021,NYK,CHA,2021-11-13,00:00
2080,22021,BOS,MIL,2021-11-13,00:30
2081,22021,MIL,BOS,2021-11-13,00:30
2082,22021,CLE,DET,2021-11-13,00:30
2083,22021,DET,CLE,2021-11-13,00:30
2084,22021,HOU,POR,2021-11-13,01:00
2085,22021,POR,HOU,2021-11-13,01:00
2086,22021,MEM,PHX,2021-11-13,01:00
2087,22021,PHX,MEM,2021-11-13,01:00
2088,22021,NOP,BKN,2021-11-13,01:00
2089,22021,BKN,NOP,2021-11-13,01:00
2090,22021,OKC,SAC,2021-11-13,01:00
2091,22021,SAC,OKC,2021-11-13,01:00
2092,22021,SAS,DAL,2021-11-13,01:30
2093,22021,DAL,SAS,2021-11-13,01:30
2094,22021,DEN,ATL,2021-11-13,02:00
2095,22021,ATL,DEN,2021-11-13,02:00
2096,22021,GSW,CHI,2021-11-13,03:00
2097,22021,CHI,GSW,2021-11-13,03:00
2098,22021,LAL,MIN,2021-11-13,03:30
2099,22021,MIN,LAL,2021-11-13,03:30
2100,22021,UTA,MIA,2021-11-13,22:00
2101,22021,MIA,UTA,2021-11-13,22:00
2102,22021,IND,PHI,2021-11-14,00:00
2103,22021,PHI,IND,2021-11-14,00:00
2104,22021,ORL,WAS,2021-11-14,00:00
2105,22021,WAS,ORL,2021-11-14,00:00
2106,22021,NOP,MEM,2021-11-14,00:00
2107,22021,MEM,NOP,2021-11-14,00:00
2108,22021,TOR,DET,2021-11-14,00:30
2109,22021,DET,TOR,2021-11-14,00:30
2110,22021,CLE,BOS,2021-11-14,01:00
2111,22021,BOS,CLE,2021-11-14,01:00
2112,22021,LAC,MIN,2021-11-14,03:30
2113,22021,MIN,LAC,2021-11-14,03:30
2114,22021,LAL,SAS,2021-11-14,20:30
2115,22021,SAS,LAL,2021-11-14,20:30
2116,22021,ATL,MIL,2021-11-14,23:00
2117,22021,MIL,ATL,2021-11-14,23:00
2118,22021,CHA,GSW,2021-11-15,00:00
2119,22021,GSW,CHA,2021-11-15,00:00
2120,22021,HOU,PHX,2021-11-15,00:00
2121,22021,PHX,HOU,2021-11-15,00:00
2122,22021,OKC,BKN,2021-11-15,00:00
2123,22021,BKN,OKC,2021-11-15,00:00
2124,22021,DEN,POR,2021-11-15,01:00
2125,22021,POR,DEN,2021-11-15,01:00
2126,22021,LAC,CHI,2021-11-15,02:30
2127,22021,CHI,LAC,2021-11-15,02:30
2128,22021,CLE,BOS,2021-11-16,00:00
2129,22021,BOS,CLE,2021-11-16,00:00
2130,22021,DET,SAC,2021-11-16,00:00
2131,22021,SAC,DET,2021-11-16,00:00
2132,22021,WAS,NOP,2021-11-16,00:00
2133,22021,NOP,WAS,2021-11-16,00:00
2134,22021,ATL,ORL,2021-11-16,00:30
2135,22021,ORL,ATL,2021-11-16,00:30
2136,22021,NYK,IND,2021-11-16,00:30
2137,22021,IND,NYK,2021-11-16,00:30
2138,22021,DAL,DEN,2021-11-16,01:00
2139,22021,DEN,DAL,2021-11-16,01:00
2140,22021,MEM,HOU,2021-11-16,01:00
2141,22021,HOU,MEM,2021-11-16,01:00
2142,22021,MIN,PHX,2021-11-16,01:00
2143,22021,PHX,MIN,2021-11-16,01:00
2144,22021,OKC,MIA,2021-11-16,01:00
2145,22021,MIA,OKC,2021-11-16,01:00
2146,22021,POR,TOR,2021-11-16,03:00
2147,22021,TOR,POR,2021-11-16,03:00
2148,22021,LAL,CHI,2021-11-16,03:30
2149,22021,CHI,LAL,2021-11-16,03:30
2150,22021,BKN,GSW,2021-11-17,00:30
2151,22021,GSW,BKN,2021-11-17,00:30
2152,22021,UTA,PHI,2021-11-17,03:00
2153,22021,PHI,UTA,2021-11-17,03:00
2154,22021,LAC,SAS,2021-11-17,03:30
2155,22021,SAS,LAC,2021-11-17,03:30
2156,22021,CHA,WAS,2021-11-18,00:00
2157,22021,WAS,CHA,2021-11-18,00:00
2158,22021,DET,IND,2021-11-18,00:00
2159,22021,IND,DET,2021-11-18,00:00
2160,22021,ATL,BOS,2021-11-18,00:30
2161,22021,BOS,ATL,2021-11-18,00:30
2162,22021,BKN,CLE,2021-11-18,00:30
2163,22021,CLE,BKN,2021-11-18,00:30
2164,22021,MIA,NOP,2021-11-18,00:30
2165,22021,NOP,MIA,2021-11-18,00:30
2166,22021,NYK,ORL,2021-11-18,00:30
2167,22021,ORL,NYK,2021-11-18,00:30
2168,22021,MIL,LAL,2021-11-18,00:30
2169,22021,LAL,MIL,2021-11-18,00:30
2170,22021,MIN,SAC,2021-11-18,01:00
2171,22021,SAC,MIN,2021-11-18,01:00
2172,22021,OKC,HOU,2021-11-18,01:00
2173,22021,HOU,OKC,2021-11-18,01:00
2174,22021,PHX,DAL,2021-11-18,03:00
2175,22021,DAL,PHX,2021-11-18,03:00
2176,22021,POR,CHI,2021-11-18,03:00
2177,22021,CHI,POR,2021-11-18,03:00
2178,22021,CLE,GSW,2021-11-19,00:30
2179,22021,GSW,CLE,2021-11-19,00:30
2180,22021,MIA,WAS,2021-11-19,00:30
2181,22021,WAS,MIA,2021-11-19,00:30
2182,22021,MEM,LAC,2021-11-19,01:00
2183,22021,LAC,MEM,2021-11-19,01:00
2184,22021,MIN,SAS,2021-11-19,01:00
2185,22021,SAS,MIN,2021-11-19,01:00
2186,22021,DEN,PHI,2021-11-19,02:00
2187,22021,PHI,DEN,2021-11-19,02:00
2188,22021,UTA,TOR,2021-11-19,02:00
2189,22021,TOR,UTA,2021-11-19,02:00
2190,22021,CHA,IND,2021-11-20,00:00
2191,22021,IND,CHA,2021-11-20,00:00
2192,22021,DET,GSW,2021-11-20,00:00
2193,22021,GSW,DET,2021-11-20,00:00
2194,22021,BOS,LAL,2021-11-20,00:30
2195,22021,LAL,BOS,2021-11-20,00:30
2196,22021,BKN,ORL,2021-11-20,00:30
2197,22021,ORL,BKN,2021-11-20,00:30
2198,22021,MIL,OKC,2021-11-20,01:00
2199,22021,OKC,MIL,2021-11-20,01:00
2200,22021,NOP,LAC,2021-11-20,01:00
2201,22021,LAC,NOP,2021-11-20,01:00
2202,22021,DEN,CHI,2021-11-20,02:00
2203,22021,CHI,DEN,2021-11-20,02:00
2204,22021,PHX,DAL,2021-11-20,03:00
2205,22021,DAL,PHX,2021-11-20,03:00
2206,22021,SAC,TOR,2021-11-20,03:00
2207,22021,TOR,SAC,2021-11-20,03:00
2208,22021,NYK,HOU,2021-11-20,22:00
2209,22021,HOU,NYK,2021-11-20,22:00
2210,22021,IND,NOP,2021-11-21,00:00
2211,22021,NOP,IND,2021-11-21,00:00
2212,22021,WAS,MIA,2021-11-21,00:00
2213,22021,MIA,WAS,2021-11-21,00:00
2214,22021,ATL,CHA,2021-11-21,00:30
2215,22021,CHA,ATL,2021-11-21,00:30
2216,22021,BOS,OKC,2021-11-21,00:30
2217,22021,OKC,BOS,2021-11-21,00:30
2218,22021,MIL,ORL,2021-11-21,01:00
2219,22021,ORL,MIL,2021-11-21,01:00
2220,22021,MIN,MEM,2021-11-21,01:00
2221,22021,MEM,MIN,2021-11-21,01:00
2222,22021,POR,PHI,2021-11-21,03:00
2223,22021,PHI,POR,2021-11-21,03:00
2224,22021,SAC,UTA,2021-11-21,03:00
2225,22021,UTA,SAC,2021-11-21,03:00
2226,22021,LAC,DAL,2021-11-21,20:30
2227,22021,DAL,LAC,2021-11-21,20:30
2228,22021,DET,LAL,2021-11-21,23:00
2229,22021,LAL,DET,2021-11-21,23:00
2230,22021,CHI,NYK,2021-11-22,01:00
2231,22021,NYK,CHI,2021-11-22,01:00
2232,22021,PHX,DEN,2021-11-22,01:00
2233,22021,DEN,PHX,2021-11-22,01:00
2234,22021,GSW,TOR,2021-11-22,01:30
2235,22021,TOR,GSW,2021-11-22,01:30
2236,22021,CLE,BKN,2021-11-23,00:00
2237,22021,BKN,CLE,2021-11-23,00:00
2238,22021,WAS,CHA,2021-11-23,00:00
2239,22021,CHA,WAS,2021-11-23,00:00
2240,22021,ATL,OKC,2021-11-23,00:30
2241,22021,OKC,ATL,2021-11-23,00:30
2242,22021,BOS,HOU,2021-11-23,00:30
2243,22021,HOU,BOS,2021-11-23,00:30
2244,22021,CHI,IND,2021-11-23,01:00
2245,22021,IND,CHI,2021-11-23,01:00
2246,22021,MIL,ORL,2021-11-23,01:00
2247,22021,ORL,MIL,2021-11-23,01:00
2248,22021,NOP,MIN,2021-11-23,01:00
2249,22021,MIN,NOP,2021-11-23,01:00
2250,22021,SAS,PHX,2021-11-23,01:30
2251,22021,PHX,SAS,2021-11-23,01:30
2252,22021,UTA,MEM,2021-11-23,02:00
2253,22021,MEM,UTA,2021-11-23,02:00
2254,22021,SAC,PHI,2021-11-23,03:00
2255,22021,PHI,SAC,2021-11-23,03:00
2256,22021,DET,MIA,2021-11-24,00:00
2257,22021,MIA,DET,2021-11-24,00:00
2258,22021,NYK,LAL,2021-11-24,00:30
2259,22021,LAL,NYK,2021-11-24,00:30
2260,22021,POR,DEN,2021-11-24,03:00
2261,22021,DEN,POR,2021-11-24,03:00
2262,22021,LAC,DAL,2021-11-24,03:30
2263,22021,DAL,LAC,2021-11-24,03:30
2264,22021,CLE,PHX,2021-11-25,00:00
2265,22021,PHX,CLE,2021-11-25,00:00
2266,22021,IND,LAL,2021-11-25,00:00
2267,22021,LAL,IND,2021-11-25,00:00
2268,22021,ORL,CHA,2021-11-25,00:00
2269,22021,CHA,ORL,2021-11-25,00:00
2270,22021,BOS,BKN,2021-11-25,00:30
2271,22021,BKN,BOS,2021-11-25,00:30
2272,22021,HOU,CHI,2021-11-25,01:00
2273,22021,CHI,HOU,2021-11-25,01:00
2274,22021,MEM,TOR,2021-11-25,01:00
2275,22021,TOR,MEM,2021-11-25,01:00
2276,22021,MIL,DET,2021-11-25,01:00
2277,22021,DET,MIL,2021-11-25,01:00
2278,22021,MIN,MIA,2021-11-25,01:00
2279,22021,MIA,MIN,2021-11-25,01:00
2280,22021,NOP,WAS,2021-11-25,01:00
2281,22021,WAS,NOP,2021-11-25,01:00
2282,22021,OKC,UTA,2021-11-25,01:00
2283,22021,UTA,OKC,2021-11-25,01:00
2284,22021,SAS,ATL,2021-11-25,01:30
2285,22021,ATL,SAS,2021-11-25,01:30
2286,22021,GSW,PHI,2021-11-25,03:00
2287,22021,PHI,GSW,2021-11-25,03:00
2288,22021,SAC,POR,2021-11-25,03:00
2289,22021,POR,SAC,2021-11-25,03:00
2290,22021,LAC,DET,2021-11-26,20:30
2291,22021,DET,LAC,2021-11-26,20:30
2292,22021,CHA,MIN,2021-11-27,00:00
2293,22021,MIN,CHA,2021-11-27,00:00
2294,22021,NYK,PHX,2021-11-27,00:00
2295,22021,PHX,NYK,2021-11-27,00:00
2296,22021,ORL,CHI,2021-11-27,00:00
2297,22021,CHI,ORL,2021-11-27,00:00
2298,22021,IND,TOR,2021-11-27,01:00
2299,22021,TOR,IND,2021-11-27,01:00
2300,22021,MEM,ATL,2021-11-27,01:00
2301,22021,ATL,MEM,2021-11-27,01:00
2302,22021,OKC,WAS,2021-11-27,01:00
2303,22021,WAS,OKC,2021-11-27,01:00
2304,22021,SAS,BOS,2021-11-27,01:30
2305,22021,BOS,SAS,2021-11-27,01:30
2306,22021,DEN,MIL,2021-11-27,02:00
2307,22021,MIL,DEN,2021-11-27,02:00
2308,22021,UTA,NOP,2021-11-27,02:00
2309,22021,NOP,UTA,2021-11-27,02:00
2310,22021,GSW,POR,2021-11-27,03:00
2311,22021,POR,GSW,2021-11-27,03:00
2312,22021,LAL,SAC,2021-11-27,03:30
2313,22021,SAC,LAL,2021-11-27,03:30
2314,22021,PHI,MIN,2021-11-27,23:00
2315,22021,MIN,PHI,2021-11-27,23:00
2316,22021,ATL,NYK,2021-11-28,00:30
2317,22021,NYK,ATL,2021-11-28,00:30
2318,22021,BKN,PHX,2021-11-28,00:30
2319,22021,PHX,BKN,2021-11-28,00:30
2320,22021,CLE,ORL,2021-11-28,01:00
2321,22021,ORL,CLE,2021-11-28,01:00
2322,22021,CHI,MIA,2021-11-28,01:00
2323,22021,MIA,CHI,2021-11-28,01:00
2324,22021,HOU,CHA,2021-11-28,01:00
2325,22021,CHA,HOU,2021-11-28,01:00
2326,22021,DAL,WAS,2021-11-28,01:30
2327,22021,WAS,DAL,2021-11-28,01:30
2328,22021,UTA,NOP,2021-11-28,02:00
2329,22021,NOP,UTA,2021-11-28,02:00
2330,22021,LAC,GSW,2021-11-28,20:30
2331,22021,GSW,LAC,2021-11-28,20:30
2332,22021,IND,MIL,2021-11-28,22:00
2333,22021,MIL,IND,2021-11-28,22:00
2334,22021,TOR,BOS,2021-11-28,23:00
2335,22021,BOS,TOR,2021-11-28,23:00
2336,22021,MEM,SAC,2021-11-28,23:00
2337,22021,SAC,MEM,2021-11-28,23:00
2338,22021,LAL,DET,2021-11-29,02:30
2339,22021,DET,LAL,2021-11-29,02:30
2340,22021,PHI,ORL,2021-11-30,00:00
2341,22021,ORL,PHI,2021-11-30,00:00
2342,22021,MIA,DEN,2021-11-30,00:30
2343,22021,DEN,MIA,2021-11-30,00:30
2344,22021,CHI,CHA,2021-11-30,01:00
2345,22021,CHA,CHI,2021-11-30,01:00
2346,22021,HOU,OKC,2021-11-30,01:00
2347,22021,OKC,HOU,2021-11-30,01:00
2348,22021,MIN,IND,2021-11-30,01:00
2349,22021,IND,MIN,2021-11-30,01:00
2350,22021,DAL,CLE,2021-11-30,01:30
2351,22021,CLE,DAL,2021-11-30,01:30
2352,22021,SAS,WAS,2021-11-30,01:30
2353,22021,WAS,SAS,2021-11-30,01:30
2354,22021,UTA,POR,2021-11-30,02:00
2355,22021,POR,UTA,2021-11-30,02:00
2356,22021,LAC,NOP,2021-11-30,03:30
2357,22021,NOP,LAC,2021-11-30,03:30
2358,22021,BKN,NYK,2021-12-01,00:30
2359,22021,NYK,BKN,2021-12-01,00:30
2360,22021,TOR,MEM,2021-12-01,00:30
2361,22021,MEM,TOR,2021-12-01,00:30
2362,22021,PHX,GSW,2021-12-01,03:00
2363,22021,GSW,PHX,2021-12-01,03:00
2364,22021,POR,DET,2021-12-01,03:00
2365,22021,DET,POR,2021-12-01,03:00
2366,22021,SAC,LAL,2021-12-01,03:00
2367,22021,LAL,SAC,2021-12-01,03:00
2368,22021,IND,ATL,2021-12-02,00:00
2369,22021,ATL,IND,2021-12-02,00:00
2370,22021,ORL,DEN,2021-12-02,00:00
2371,22021,DEN,ORL,2021-12-02,00:00
2372,22021,WAS,MIN,2021-12-02,00:00
2373,22021,MIN,WAS,2021-12-02,00:00
2374,22021,BOS,PHI,2021-12-02,00:30
2375,22021,PHI,BOS,2021-12-02,00:30
2376,22021,MIA,CLE,2021-12-02,00:30
2377,22021,CLE,MIA,2021-12-02,00:30
2378,22021,MIL,CHA,2021-12-02,01:00
2379,22021,CHA,MIL,2021-12-02,01:00
2380,22021,NOP,DAL,2021-12-02,01:00
2381,22021,DAL,NOP,2021-12-02,01:00
2382,22021,OKC,HOU,2021-12-02,01:00
2383,22021,HOU,OKC,2021-12-02,01:00
2384,22021,LAC,SAC,2021-12-02,03:30
2385,22021,SAC,LAC,2021-12-02,03:30
2386,22021,NYK,CHI,2021-12-03,00:30
2387,22021,CHI,NYK,2021-12-03,00:30
2388,22021,TOR,MIL,2021-12-03,00:30
2389,22021,MIL,TOR,2021-12-03,00:30
2390,22021,MEM,OKC,2021-12-03,01:00
2391,22021,OKC,MEM,2021-12-03,01:00
2392,22021,PHX,DET,2021-12-03,02:00
2393,22021,DET,PHX,2021-12-03,02:00
2394,22021,POR,SAS,2021-12-03,03:00
2395,22021,SAS,POR,2021-12-03,03:00
2396,22021,IND,MIA,2021-12-04,00:00
2397,22021,MIA,IND,2021-12-04,00:00
2398,22021,WAS,CLE,2021-12-04,00:00
2399,22021,CLE,WAS,2021-12-04,00:00
2400,22021,ATL,PHI,2021-12-04,00:30
2401,22021,PHI,ATL,2021-12-04,00:30
2402,22021,BKN,MIN,2021-12-04,00:30
2403,22021,MIN,BKN,2021-12-04,00:30
2404,22021,HOU,ORL,2021-12-04,01:00
2405,22021,ORL,HOU,2021-12-04,01:00
2406,22021,DAL,NOP,2021-12-04,01:30
2407,22021,NOP,DAL,2021-12-04,01:30
2408,22021,UTA,BOS,2021-12-04,02:00
2409,22021,BOS,UTA,2021-12-04,02:00
2410,22021,GSW,PHX,2021-12-04,03:00
2411,22021,PHX,GSW,2021-12-04,03:00
2412,22021,LAL,LAC,2021-12-04,03:00
2413,22021,LAC,LAL,2021-12-04,03:00
2414,22021,NYK,DEN,2021-12-04,18:00
2415,22021,DEN,NYK,2021-12-04,18:00
2416,22021,BKN,CHI,2021-12-05,01:00
2417,22021,CHI,BKN,2021-12-05,01:00
2418,22021,MIL,MIA,2021-12-05,01:00
2419,22021,MIA,MIL,2021-12-05,01:00
2420,22021,DAL,MEM,2021-12-05,01:30
2421,22021,MEM,DAL,2021-12-05,01:30
2422,22021,GSW,SAS,2021-12-05,01:30
2423,22021,SAS,GSW,2021-12-05,01:30
2424,22021,POR,BOS,2021-12-05,03:00
2425,22021,BOS,POR,2021-12-05,03:00
2426,22021,SAC,LAC,2021-12-05,03:00
2427,22021,LAC,SAC,2021-12-05,03:00
2428,22021,CLE,UTA,2021-12-05,20:30
2429,22021,UTA,CLE,2021-12-05,20:30
2430,22021,ATL,CHA,2021-12-05,23:00
2431,22021,CHA,ATL,2021-12-05,23:00
2432,22021,TOR,WAS,2021-12-05,23:00
2433,22021,WAS,TOR,2021-12-05,23:00
2434,22021,HOU,NOP,2021-12-06,00:00
2435,22021,NOP,HOU,2021-12-06,00:00
2436,22021,CHA,PHI,2021-12-07,00:00
2437,22021,PHI,CHA,2021-12-07,00:00
2438,22021,DET,OKC,2021-12-07,00:00
2439,22021,OKC,DET,2021-12-07,00:00
2440,22021,IND,WAS,2021-12-07,00:00
2441,22021,WAS,IND,2021-12-07,00:00
2442,22021,MIA,MEM,2021-12-07,00:30
2443,22021,MEM,MIA,2021-12-07,00:30
2444,22021,CHI,DEN,2021-12-07,01:00
2445,22021,DEN,CHI,2021-12-07,01:00
2446,22021,MIL,CLE,2021-12-07,01:00
2447,22021,CLE,MIL,2021-12-07,01:00
2448,22021,MIN,ATL,2021-12-07,01:00
2449,22021,ATL,MIN,2021-12-07,01:00
2450,22021,PHX,SAS,2021-12-07,02:00
2451,22021,SAS,PHX,2021-12-07,02:00
2452,22021,GSW,ORL,2021-12-07,03:00
2453,22021,ORL,GSW,2021-12-07,03:00
2454,22021,POR,LAC,2021-12-07,03:00
2455,22021,LAC,POR,2021-12-07,03:00
2456,22021,DAL,BKN,2021-12-08,00:30
2457,22021,BKN,DAL,2021-12-08,00:30
2458,22021,SAS,NYK,2021-12-08,01:30
2459,22021,NYK,SAS,2021-12-08,01:30
2460,22021,LAL,BOS,2021-12-08,03:00
2461,22021,BOS,LAL,2021-12-08,03:00
2462,22021,CHA,PHI,2021-12-09,00:00
2463,22021,PHI,CHA,2021-12-09,00:00
2464,22021,CLE,CHI,2021-12-09,00:00
2465,22021,CHI,CLE,2021-12-09,00:00
2466,22021,DET,WAS,2021-12-09,00:00
2467,22021,WAS,DET,2021-12-09,00:00
2468,22021,IND,NYK,2021-12-09,00:00
2469,22021,NYK,IND,2021-12-09,00:00
2470,22021,MIA,MIL,2021-12-09,00:30
2471,22021,MIL,MIA,2021-12-09,00:30
2472,22021,TOR,OKC,2021-12-09,00:30
2473,22021,OKC,TOR,2021-12-09,00:30
2474,22021,HOU,BKN,2021-12-09,01:00
2475,22021,BKN,HOU,2021-12-09,01:00
2476,22021,MEM,DAL,2021-12-09,01:00
2477,22021,DAL,MEM,2021-12-09,01:00
2478,22021,MIN,UTA,2021-12-09,01:00
2479,22021,UTA,MIN,2021-12-09,01:00
2480,22021,NOP,DEN,2021-12-09,01:00
2481,22021,DEN,NOP,2021-12-09,01:00
2482,22021,GSW,POR,2021-12-09,03:00
2483,22021,POR,GSW,2021-12-09,03:00
2484,22021,SAC,ORL,2021-12-09,03:00
2485,22021,ORL,SAC,2021-12-09,03:00
2486,22021,LAC,BOS,2021-12-09,03:30
2487,22021,BOS,LAC,2021-12-09,03:30
2488,22021,PHI,UTA,2021-12-10,00:00
2489,22021,UTA,PHI,2021-12-10,00:00
2490,22021,MEM,LAL,2021-12-10,01:00
2491,22021,LAL,MEM,2021-12-10,01:00
2492,22021,SAS,DEN,2021-12-10,01:30
2493,22021,DEN,SAS,2021-12-10,01:30
2494,22021,CHA,SAC,2021-12-11,00:00
2495,22021,SAC,CHA,2021-12-11,00:00
2496,22021,IND,DAL,2021-12-11,00:00
2497,22021,DAL,IND,2021-12-11,00:00
2498,22021,ATL,BKN,2021-12-11,00:30
2499,22021,BKN,ATL,2021-12-11,00:30
2500,22021,TOR,NYK,2021-12-11,00:30
2501,22021,NYK,TOR,2021-12-11,00:30
2502,22021,HOU,MIL,2021-12-11,01:00
2503,22021,MIL,HOU,2021-12-11,01:00
2504,22021,MIN,CLE,2021-12-11,01:00
2505,22021,CLE,MIN,2021-12-11,01:00
2506,22021,NOP,DET,2021-12-11,01:00
2507,22021,DET,NOP,2021-12-11,01:00
2508,22021,OKC,LAL,2021-12-11,01:00
2509,22021,LAL,OKC,2021-12-11,01:00
2510,22021,PHX,BOS,2021-12-11,03:00
2511,22021,BOS,PHX,2021-12-11,03:00
2512,22021,LAC,ORL,2021-12-11,20:30
2513,22021,ORL,LAC,2021-12-11,20:30
2514,22021,WAS,UTA,2021-12-12,00:00
2515,22021,UTA,WAS,2021-12-12,00:00
2516,22021,CLE,SAC,2021-12-12,01:00
2517,22021,SAC,CLE,2021-12-12,01:00
2518,22021,MIA,CHI,2021-12-12,01:00
2519,22021,CHI,MIA,2021-12-12,01:00
2520,22021,MEM,HOU,2021-12-12,01:00
2521,22021,HOU,MEM,2021-12-12,01:00
2522,22021,PHI,GSW,2021-12-12,01:30
2523,22021,GSW,PHI,2021-12-12,01:30
2524,22021,SAS,DEN,2021-12-12,01:30
2525,22021,DEN,SAS,2021-12-12,01:30
2526,22021,NYK,MIL,2021-12-12,17:00
2527,22021,MIL,NYK,2021-12-12,17:00
2528,22021,DET,BKN,2021-12-12,23:00
2529,22021,BKN,DET,2021-12-12,23:00
2530,22021,OKC,DAL,2021-12-13,00:00
2531,22021,DAL,OKC,2021-12-13,00:00
2532,22021,SAS,NOP,2021-12-13,00:00
2533,22021,NOP,SAS,2021-12-13,00:00
2534,22021,POR,MIN,2021-12-13,02:00
2535,22021,MIN,POR,2021-12-13,02:00
2536,22021,LAL,ORL,2021-12-13,02:30
2537,22021,ORL,LAL,2021-12-13,02:30
2538,22021,CLE,MIA,2021-12-14,00:00
2539,22021,MIA,CLE,2021-12-14,00:00
2540,22021,IND,GSW,2021-12-14,00:00
2541,22021,GSW,IND,2021-12-14,00:00
2542,22021,TOR,SAC,2021-12-14,00:00
2543,22021,SAC,TOR,2021-12-14,00:00
2544,22021,ATL,HOU,2021-12-14,00:30
2545,22021,HOU,ATL,2021-12-14,00:30
2546,22021,BOS,MIL,2021-12-14,00:30
2547,22021,MIL,BOS,2021-12-14,00:30
2548,22021,MEM,PHI,2021-12-14,01:00
2549,22021,PHI,MEM,2021-12-14,01:00
2550,22021,DAL,CHA,2021-12-14,01:30
2551,22021,CHA,DAL,2021-12-14,01:30
2552,22021,DEN,WAS,2021-12-14,02:00
2553,22021,WAS,DEN,2021-12-14,02:00
2554,22021,LAC,PHX,2021-12-14,03:30
2555,22021,PHX,LAC,2021-12-14,03:30
2556,22021,BKN,TOR,2021-12-15,00:30
2557,22021,TOR,BKN,2021-12-15,00:30
2558,22021,NYK,GSW,2021-12-15,00:30
2559,22021,GSW,NYK,2021-12-15,00:30
2560,22021,POR,PHX,2021-12-15,03:00
2561,22021,PHX,POR,2021-12-15,03:00
2562,22021,CLE,HOU,2021-12-16,00:00
2563,22021,HOU,CLE,2021-12-16,00:00
2564,22021,ORL,ATL,2021-12-16,00:00
2565,22021,ATL,ORL,2021-12-16,00:00
2566,22021,PHI,MIA,2021-12-16,00:00
2567,22021,MIA,PHI,2021-12-16,00:00
2568,22021,DAL,LAL,2021-12-16,00:30
2569,22021,LAL,DAL,2021-12-16,00:30
2570,22021,MIL,IND,2021-12-16,01:00
2571,22021,IND,MIL,2021-12-16,01:00
2572,22021,OKC,NOP,2021-12-16,01:00
2573,22021,NOP,OKC,2021-12-16,01:00
2574,22021,SAS,CHA,2021-12-16,01:30
2575,22021,CHA,SAS,2021-12-16,01:30
2576,22021,DEN,MIN,2021-12-16,02:00
2577,22021,MIN,DEN,2021-12-16,02:00
2578,22021,UTA,LAC,2021-12-16,03:00
2579,22021,LAC,UTA,2021-12-16,03:00
2580,22021,POR,MEM,2021-12-16,03:00
2581,22021,MEM,POR,2021-12-16,03:00
2582,22021,SAC,WAS,2021-12-16,03:00
2583,22021,WAS,SAC,2021-12-16,03:00
2584,22021,IND,DET,2021-12-17,00:00
2585,22021,DET,IND,2021-12-17,00:00
2586,22021,BKN,PHI,2021-12-17,00:30
2587,22021,PHI,BKN,2021-12-17,00:30
2588,22021,HOU,NYK,2021-12-17,01:00
2589,22021,NYK,HOU,2021-12-17,01:00
2590,22021,PHX,WAS,2021-12-17,02:00
2591,22021,WAS,PHX,2021-12-17,02:00
2592,22021,ORL,MIA,2021-12-18,00:00
2593,22021,MIA,ORL,2021-12-18,00:00
2594,22021,ATL,DEN,2021-12-18,00:30
2595,22021,DEN,ATL,2021-12-18,00:30
2596,22021,BOS,GSW,2021-12-18,00:30
2597,22021,GSW,BOS,2021-12-18,00:30
2598,22021,NOP,MIL,2021-12-18,01:00
2599,22021,MIL,NOP,2021-12-18,01:00
2600,22021,UTA,SAS,2021-12-18,02:00
2601,22021,SAS,UTA,2021-12-18,02:00
2602,22021,MIN,LAL,2021-12-18,03:00
2603,22021,LAL,MIN,2021-12-18,03:00
2604,22021,POR,CHA,2021-12-18,03:00
2605,22021,CHA,POR,2021-12-18,03:00
2606,22021,SAC,MEM,2021-12-18,03:00
2607,22021,MEM,SAC,2021-12-18,03:00
2608,22021,DET,HOU,2021-12-18,17:00
2609,22021,HOU,DET,2021-12-18,17:00
2610,22021,BOS,NYK,2021-12-19,00:00
2611,22021,NYK,BOS,2021-12-19,00:00
2612,22021,BKN,ORL,2021-12-19,00:30
2613,22021,ORL,BKN,2021-12-19,00:30
2614,22021,TOR,GSW,2021-12-19,00:30
2615,22021,GSW,TOR,2021-12-19,00:30
2616,22021,OKC,LAC,2021-12-19,01:00
2617,22021,LAC,OKC,2021-12-19,01:00
2618,22021,MIL,CLE,2021-12-19,02:00
2619,22021,CLE,MIL,2021-12-19,02:00
2620,22021,UTA,WAS,2021-12-19,02:00
2621,22021,WAS,UTA,2021-12-19,02:00
2622,22021,DET,MIA,2021-12-19,23:00
2623,22021,MIA,DET,2021-12-19,23:00
2624,22021,MEM,POR,2021-12-19,23:00
2625,22021,POR,MEM,2021-12-19,23:00
2626,22021,SAC,SAS,2021-12-19,23:00
2627,22021,SAS,SAC,2021-12-19,23:00
2628,22021,CHI,LAL,2021-12-20,01:00
2629,22021,LAL,CHI,2021-12-20,01:00
2630,22021,MIN,DAL,2021-12-20,01:00
2631,22021,DAL,MIN,2021-12-20,01:00
2632,22021,PHX,CHA,2021-12-20,01:00
2633,22021,CHA,PHX,2021-12-20,01:00
2634,22021,BOS,PHI,2021-12-21,00:30
2635,22021,PHI,BOS,2021-12-21,00:30
2636,22021,CHI,HOU,2021-12-21,01:00
2637,22021,HOU,CHI,2021-12-21,01:00
2638,22021,MEM,OKC,2021-12-21,01:00
2639,22021,OKC,MEM,2021-12-21,01:00
2640,22021,UTA,CHA,2021-12-21,02:00
2641,22021,CHA,UTA,2021-12-21,02:00
2642,22021,GSW,SAC,2021-12-21,03:00
2643,22021,SAC,GSW,2021-12-21,03:00
2644,22021,LAC,SAS,2021-12-21,03:30
2645,22021,SAS,LAC,2021-12-21,03:30
2646,22021,MIA,IND,2021-12-22,00:30
2647,22021,IND,MIA,2021-12-22,00:30
2648,22021,NYK,DET,2021-12-22,00:30
2649,22021,DET,NYK,2021-12-22,00:30
2650,22021,NOP,POR,2021-12-22,01:00
2651,22021,POR,NOP,2021-12-22,01:00
2652,22021,DAL,MIN,2021-12-22,01:30
2653,22021,MIN,DAL,2021-12-22,01:30
2654,22021,LAL,PHX,2021-12-22,03:00
2655,22021,PHX,LAL,2021-12-22,03:00
2656,22021,ATL,ORL,2021-12-23,00:30
2657,22021,ORL,ATL,2021-12-23,00:30
2658,22021,BOS,CLE,2021-12-23,00:30
2659,22021,CLE,BOS,2021-12-23,00:30
2660,22021,MIL,HOU,2021-12-23,01:00
2661,22021,HOU,MIL,2021-12-23,01:00
2662,22021,OKC,DEN,2021-12-23,01:00
2663,22021,DEN,OKC,2021-12-23,01:00
2664,22021,SAC,LAC,2021-12-23,03:00
2665,22021,LAC,SAC,2021-12-23,03:00
2666,22021,IND,HOU,2021-12-24,00:00
2667,22021,HOU,IND,2021-12-24,00:00
2668,22021,ORL,NOP,2021-12-24,00:00
2669,22021,NOP,ORL,2021-12-24,00:00
2670,22021,PHI,ATL,2021-12-24,00:00
2671,22021,ATL,PHI,2021-12-24,00:00
2672,22021,MIA,DET,2021-12-24,00:30
2673,22021,DET,MIA,2021-12-24,00:30
2674,22021,NYK,WAS,2021-12-24,00:30
2675,22021,WAS,NYK,2021-12-24,00:30
2676,22021,DAL,MIL,2021-12-24,01:30
2677,22021,MIL,DAL,2021-12-24,01:30
2678,22021,DEN,CHA,2021-12-24,02:00
2679,22021,CHA,DEN,2021-12-24,02:00
2680,22021,PHX,OKC,2021-12-24,02:00
2681,22021,OKC,PHX,2021-12-24,02:00
2682,22021,UTA,MIN,2021-12-24,02:00
2683,22021,MIN,UTA,2021-12-24,02:00
2684,22021,GSW,MEM,2021-12-24,03:00
2685,22021,MEM,GSW,2021-12-24,03:00
2686,22021,LAL,SAS,2021-12-24,03:30
2687,22021,SAS,LAL,2021-12-24,03:30
2688,22021,NYK,ATL,2021-12-25,17:00
2689,22021,ATL,NYK,2021-12-25,17:00
2690,22021,MIL,BOS,2021-12-25,19:30
2691,22021,BOS,MIL,2021-12-25,19:30
2692,22021,PHX,GSW,2021-12-25,22:00
2693,22021,GSW,PHX,2021-12-25,22:00
2694,22021,LAL,BKN,2021-12-26,01:00
2695,22021,BKN,LAL,2021-12-26,01:00
2696,22021,UTA,DAL,2021-12-26,03:30
2697,22021,DAL,UTA,2021-12-26,03:30
2698,22021,MIA,ORL,2021-12-26,20:30
2699,22021,ORL,MIA,2021-12-26,20:30
2700,22021,CLE,TOR,2021-12-26,23:00
2701,22021,TOR,CLE,2021-12-26,23:00
2702,22021,WAS,PHI,2021-12-26,23:00
2703,22021,PHI,WAS,2021-12-26,23:00
2704,22021,SAC,MEM,2021-12-26,23:00
2705,22021,MEM,SAC,2021-12-26,23:00
2706,22021,OKC,NOP,2021-12-27,00:00
2707,22021,NOP,OKC,2021-12-27,00:00
2708,22021,SAS,DET,2021-12-27,00:00
2709,22021,DET,SAS,2021-12-27,00:00
2710,22021,CHI,IND,2021-12-27,01:00
2711,22021,IND,CHI,2021-12-27,01:00
2712,22021,LAC,DEN,2021-12-27,02:00
2713,22021,DEN,LAC,2021-12-27,02:00
2714,22021,CHA,HOU,2021-12-28,00:00
2715,22021,HOU,CHA,2021-12-28,00:00
2716,22021,ATL,CHI,2021-12-28,00:30
2717,22021,CHI,ATL,2021-12-28,00:30
2718,22021,MIN,BOS,2021-12-28,01:00
2719,22021,BOS,MIN,2021-12-28,01:00
2720,22021,SAS,UTA,2021-12-28,01:30
2721,22021,UTA,SAS,2021-12-28,01:30
2722,22021,PHX,MEM,2021-12-28,02:00
2723,22021,MEM,PHX,2021-12-28,02:00
2724,22021,POR,DAL,2021-12-28,03:00
2725,22021,DAL,POR,2021-12-28,03:00
2726,22021,LAC,BKN,2021-12-28,03:30
2727,22021,BKN,LAC,2021-12-28,03:30
2728,22021,ORL,MIL,2021-12-29,00:00
2729,22021,MIL,ORL,2021-12-29,00:00
2730,22021,MIA,WAS,2021-12-29,00:30
2731,22021,WAS,MIA,2021-12-29,00:30
2732,22021,TOR,PHI,2021-12-29,00:30
2733,22021,PHI,TOR,2021-12-29,00:30
2734,22021,HOU,LAL,2021-12-29,01:00
2735,22021,LAL,HOU,2021-12-29,01:00
2736,22021,MIN,NYK,2021-12-29,01:00
2737,22021,NYK,MIN,2021-12-29,01:00
2738,22021,NOP,CLE,2021-12-29,01:00
2739,22021,CLE,NOP,2021-12-29,01:00
2740,22021,GSW,DEN,2021-12-29,03:00
2741,22021,DEN,GSW,2021-12-29,03:00
2742,22021,SAC,OKC,2021-12-29,03:00
2743,22021,OKC,SAC,2021-12-29,03:00
2744,22021,DET,NYK,2021-12-30,00:00
2745,22021,NYK,DET,2021-12-30,00:00
2746,22021,IND,CHA,2021-12-30,00:00
2747,22021,CHA,IND,2021-12-30,00:00
2748,22021,BOS,LAC,2021-12-30,00:30
2749,22021,LAC,BOS,2021-12-30,00:30
2750,22021,CHI,ATL,2021-12-30,01:00
2751,22021,ATL,CHI,2021-12-30,01:00
2752,22021,MEM,LAL,2021-12-30,01:00
2753,22021,LAL,MEM,2021-12-30,01:00
2754,22021,PHX,OKC,2021-12-30,02:00
2755,22021,OKC,PHX,2021-12-30,02:00
2756,22021,POR,UTA,2021-12-30,03:00
2757,22021,UTA,POR,2021-12-30,03:00
2758,22021,SAC,DAL,2021-12-30,03:30
2759,22021,DAL,SAC,2021-12-30,03:30
2760,22021,BKN,PHI,2021-12-31,00:00
2761,22021,PHI,BKN,2021-12-31,00:00
2762,22021,ORL,MIL,2021-12-31,00:00
2763,22021,MIL,ORL,2021-12-31,00:00
2764,22021,WAS,CLE,2021-12-31,00:00
2765,22021,CLE,WAS,2021-12-31,00:00
2766,22021,BOS,PHX,2021-12-31,18:00
2767,22021,PHX,BOS,2021-12-31,18:00
2768,22021,IND,CHI,2021-12-31,20:00
2769,22021,CHI,IND,2021-12-31,20:00
2770,22021,SAC,DAL,2021-12-31,23:00
2771,22021,DAL,SAC,2021-12-31,23:00
2772,22021,HOU,MIA,2022-01-01,00:00
2773,22021,MIA,HOU,2022-01-01,00:00
2774,22021,CLE,ATL,2022-01-01,00:30
2775,22021,ATL,CLE,2022-01-01,00:30
2776,22021,TOR,LAC,2022-01-01,00:30
2777,22021,LAC,TOR,2022-01-01,00:30
2778,22021,MEM,SAS,2022-01-01,01:00
2779,22021,SAS,MEM,2022-01-01,01:00
2780,22021,OKC,NYK,2022-01-01,01:00
2781,22021,NYK,OKC,2022-01-01,01:00
2782,22021,UTA,MIN,2022-01-01,02:00
2783,22021,MIN,UTA,2022-01-01,02:00
2784,22021,LAL,POR,2022-01-01,03:30
2785,22021,POR,LAL,2022-01-01,03:30
